"","Account Record Type","Account Name","Description","Billing State/Province","Billing Address Line 1","Billing Address Line 2","Billing City","Billing Zip/Postal Code","Ginsberg Partner Status","Category: Type","Category: Subtype","Account ID","Account Long Id","Category 1","Category 2","Category 3","Category 4","Category 5","Category 6","Category 7","Category 8","Category 9","Full_Address","latitude","longitude"
"1","Business Organization","ACCESS","With 11 locations and more than 120 programs serving metro Detroit, ACCESS offers a wide range of social, economic, health and educational services to a diverse population.","MI","2651 Saulino Court",NA,"Dearborn",48120,"Active","Community Priorities",NA,"0011R00002DtO8Q","0011R00002DtO8QQAV","Health & Wellbeing","Mental Health & Substance Abuse","Poverty & Economic Opportunity","Middle Childhood","Refugee and Immigrant Support","Adult Education","Refugee and Immigrant Support","Specific Cultural Focus",NA,"2651 Saulino Court, NA, Dearborn, MI, 48120",42.307175282532,-83.144192911286
"2","Business Organization","Bridges to HOPE","Bridges to HOPE is a partnership between St. John Providence (SJP), Society of St. Vincent de Paul (SVdP), and Catholic Charities of Southeast Michigan. Bridges to HOPE is a NO COST program offering life planning lessons for individuals interested in creating a more stable, secure future for their family. There are two sessions per week, on Tuesday and Thursday, for eight weeks. Each session is two hours long. Participants receive a stipend (commitment form required), a “Getting Ahead in a Just-Gettin’-By World” workbook, transportation (upon request), and meals at each workshop.","MI","4777 East Outer Drive, Suite 1345",NA,"Detroit",48234,"Active","Community Priorities",NA,"0011R000022p2Ni","0011R000022p2NiQAI","Poverty & Economic Opportunity",NA,NA,NA,NA,NA,NA,NA,NA,"4777 East Outer Drive, Suite 1345, NA, Detroit, MI, 48234",42.442272870076,-83.019883671319
"3","Business Organization","New Economy Initiative","The New Economy Initiative, a special project of the Community Foundation for Southeast Michigan, is a philanthropy-led entrepreneurial development strategy working to build an inclusive regional network of support for entrepreneurs and small businesses.","MI","333 West Fort Street, Suite 2010",NA,"Detroit",NA,"Lead","Community Priorities",NA,"0011R000022pcw3","0011R000022pcw3QAA","Poverty & Economic Opportunity",NA,NA,NA,NA,NA,NA,NA,NA,"333 West Fort Street, Suite 2010, NA, Detroit, MI, NA",42.329142993469,-83.050211995398
"4","Business Organization","Detroit Horse Power","Detroit Horse Power’s vision is to give at-risk youth a safe and enriching space that furthers their future development.","MI","2470 Collingwood St.",NA,"Detroit",48206,"Active","Community Priorities",NA,"0011R000022oyPn","0011R000022oyPnQAI","Health & Wellbeing","Middle Childhood","Adolescence",NA,NA,NA,NA,NA,NA,"2470 Collingwood St., NA, Detroit, MI, 48206",42.382198973737,-83.110915414575
"5","Business Organization","Liberate Don't Incarcerate","We are a group of multi-racial, multi-generational, and queer Washtenaw County residents who are committed to wellness, joy, and liberation for everyone in our county.","MI",NA,NA,"Ann Arbor",48104,"Active","Community Priorities",NA,"0011R00002cHOgG","0011R00002cHOgGQAW","Social Justice & Equity","Criminal Legal System","Community Organizing & Advocacy",NA,NA,NA,NA,NA,NA,"NA, NA, Ann Arbor, MI, 48104",42.271435,-83.7298639
"6","Business Organization","Human Trafficking Commission",NA,"MI","P.O. Box 30758",NA,"Lansing",48909,"Active","Community Priorities",NA,"0011R00002TmRYU","0011R00002TmRYUQA3","Social Justice & Equity",NA,NA,NA,NA,NA,NA,NA,NA,"P.O. Box 30758, NA, Lansing, MI, 48909",42.685486,-84.498648
"7","Business Organization","Central City Integrated Health","CCIH is a consortium of health resources and services consolidated in the Detroit/Wayne Counties to service their populations. As a patient-center medical home or healthcare center, CCIH provides integrated healthcare/wraparound healthcare services using research-based strategies of neighborhood intervention.","MI","10 Peterboro Street",NA,"Detroit",48201,"Active","Community Priorities",NA,"0011R00002TmRpE","0011R00002TmRpEQAV","Community Organizing & Advocacy","Health & Wellbeing","Poverty & Economic Opportunity",NA,NA,NA,NA,NA,NA,"10 Peterboro Street, NA, Detroit, MI, 48201",42.345427396868,-83.057079875403
"8","Business Organization","Groundcover News","Groundcover News is a weekly publication created to empower low-income persons to make the transitions from homeless to housed, and from jobless to employed. Street newspapers like Groundcover exist in cities all over the United States, as well as in more than 40 other countries, in an effort to raise awareness of the plight of homeless and combat the increase in poverty. Groundcover vendors help create its content and sell papers as a source of income.","MI","423 S. 4th Avenue",NA,"Ann Arbor",48104,"Active","Community Priorities",NA,"0011R00002VGu5V","0011R00002VGu5VQAT","Poverty & Economic Opportunity","Housing Access and Affordability",NA,NA,NA,NA,NA,NA,NA,"423 S. 4th Avenue, NA, Ann Arbor, MI, 48104",42.276967238764,-83.747031792881
"9","Business Organization","SummerWorks","SummerWorks is a collaborative summer youth employment program of OCED, MichiganWorks Southeast!, and U-M's Poverty Solutions.","MI","415 W Michigan Ave",NA,"Ypsilanti",48197,"Active","Community Priorities",NA,"0011R00002bWwqF","0011R00002bWwqFQAS","Poverty & Economic Opportunity","Adolescence",NA,NA,NA,NA,NA,NA,NA,"415 W Michigan Ave, NA, Ypsilanti, MI, 48197",42.240491375439,-83.618719607414
"10","Business Organization","Michigan Municipal League","The Michigan Municipal League is dedicated to making Michigan’s communities better by thoughtfully innovating programs, energetically connecting ideas and people, actively serving members with resources and services, and passionately inspiring positive change for Michigan’s greatest centers of potential: its communities.","MI","1675 Green Road",NA,"Ann Arbor",48105,"Active","Community Priorities",NA,"0011R00002TmhFp","0011R00002TmhFpQAJ","Community Organizing & Advocacy",NA,NA,NA,NA,NA,NA,NA,NA,"1675 Green Road, NA, Ann Arbor, MI, 48105",42.297247630682,-83.693159624791
"11","Business Organization","Detroit Green Task Force","Organization works to democratize policymaking, increase transparency by having open meetings. They advise the City Council on Sustainability using research and resource engagement.","MI","2 Woodward Avenue","Suite 1340","Detroit",48226,"Active","Community Priorities",NA,"0011R00002n0Goq","0011R00002n0GoqQAE","Environment & Sustainability",NA,NA,NA,NA,NA,NA,NA,NA,"2 Woodward Avenue, Suite 1340, Detroit, MI, 48226",42.329677549344,-83.043681319358
"12","Business Organization","Fresh Start Clubhouse","Clubhouse work helps individuals to develop relationships, independent living skills, job skills, and most importantly, self-esteem and confidence to facilitate recovery.","MI","3879 Packard Street",NA,"Ann Arbor",48108,"Active","Community Priorities",NA,"0013600000uqED5","0013600000uqED5AAM","Mental Health & Substance Abuse",NA,NA,NA,NA,NA,NA,NA,NA,"3879 Packard Street, NA, Ann Arbor, MI, 48108",42.246133863109,-83.684536238985
"13","Business Organization","Community Foundation for Southeast Michigan","By connecting organizations with funds, we empower our communities to make positive change.","MI","333 W Fort St #2010",NA,"Detroit",48226,"Lead","Community Priorities",NA,"0011R000022pcub","0011R000022pcubQAA","Poverty & Economic Opportunity",NA,NA,NA,NA,NA,NA,NA,NA,"333 W Fort St #2010, NA, Detroit, MI, 48226",42.329142993469,-83.050211995398
"14","Business Organization","Whitmore Lake Clinic - Hamilton Community Health Network","Proposed health clinic for the Whitmore Lake community. A physician who provides long-term, comprehensive care in the office and the hospital, managing both common and complex illness of adolescents, adults and the elderly. Internists are trained in the diagnosis and treatment of cancer, infections and diseases affecting the heart, blood, kidneys, joints and digestive, respiratory and vascular systems. They are also trained in the essentials of primary care internal medicine, which incorporates an understanding of disease prevention, wellness, substance abuse, mental health and effective treatment of common problems of the eyes, ears, skin, nervous system and reproductive organs.","MI","9690 E Mi State Road 36 # 606",NA,"Whitmore Lake",48189,"Active","Community Priorities",NA,"0011R000022pX7q","0011R000022pX7qQAE","Health & Wellbeing","Mental Health & Substance Abuse",NA,NA,NA,NA,NA,NA,NA,"9690 E Mi State Road 36 # 606, NA, Whitmore Lake, MI, 48189",42.442060011645,-83.759007520861
"15","Business Organization","Detroit Community Wealth Fund","The Detroit Community Wealth Fund provides financial resources and tailor made business support to to cooperatives, organizations, and community-based businesses.","MI","4444 2nd Ave",NA,"Detroit",48201,"Lead","Community Priorities",NA,"0011R00002DsdlL","0011R00002DsdlLQAR","Poverty & Economic Opportunity",NA,NA,NA,NA,NA,NA,NA,NA,"4444 2nd Ave, NA, Detroit, MI, 48201",42.351983721532,-83.066555365485
"16","Business Organization","Empowerment Plan","They hire single parents from local shelters and provide them with training and full-time employment as seamstresses so that they can earn a stable income, find secure housing, and regain their independence. The individuals they hire manufacture a coat designed to meet the needs of those in the homeless community.","MI","7640 Kercheval Ave",NA,"Detroit",48214,"Lead","Community Priorities",NA,"0013600001vFpHU","0013600001vFpHUAA0","Poverty & Economic Opportunity","Social Justice & Equity","Housing Access and Affordability",NA,NA,NA,NA,NA,NA,"7640 Kercheval Ave, NA, Detroit, MI, 48214",42.356868988069,-83.003203851638
"17","Business Organization","Give Merit, Inc.","Give Merit, Inc. is the Nonprofit Arm of Merit Goodness, Inc, a clothing line that contributes 20% of profits to the FATE program. FATE is a four-year, cohort-based program for high school students in northwest Detroit.","MI","10100 Grand River",NA,"Detroit",48204,"Active","Community Priorities",NA,"0013600001vFjiJ","0013600001vFjiJAAS","Poverty & Economic Opportunity","Adolescence",NA,NA,NA,NA,NA,NA,NA,"10100 Grand River, NA, Detroit, MI, 48204",42.370935162702,-83.142244454074
"18","Business Organization","Community Action Network","CAN works to educate children, assist families in meeting basic needs and support clean and healthy neighborhoods in Washtenaw County.","MI","P.O. Box 130076",NA,"Ann Arbor",48113,"Active","Community Priorities",NA,"0013600000uqECy","0013600000uqECyAAM","Early Childhood","Poverty & Economic Opportunity","Middle Childhood","Housing Access and Affordability","Adolescence","Families","Nutrition Accessibility",NA,NA,"P.O. Box 130076, NA, Ann Arbor, MI, 48113",42.310952,-83.692833
"19","Business Organization","Ann Arbor District Library","Provides library services to all residents of Washtenaw County.","MI","343 South Fifth Ave.",NA,"Ann Arbor",48104,"Active","Community Priorities",NA,"0013600000uqECz","0013600000uqECzAAM","Literacy",NA,NA,NA,NA,NA,NA,NA,NA,"343 South Fifth Ave., NA, Ann Arbor, MI, 48104",42.278204323853,-83.745668811605
"20","Business Organization","Washtenaw County Community Mental Health","Washtenaw County CMH provides mental health services to adults with a severe and persistent mental illness, children with a severe emotional disturbance, and individuals with a developmental disability, residing in Washtenaw County.","MI","555 Towner St",NA,"Ypsilanti",48198,"Active","Community Priorities",NA,"0013600000uqED2","0013600000uqED2AAM","Health & Wellbeing",NA,NA,NA,NA,NA,NA,NA,NA,"555 Towner St, NA, Ypsilanti, MI, 48198",42.239738009982,-83.600421996601
"21","Business Organization","The Corner Health Center","The Corner Health Center offers a full range of health care, mental health and supportive services for young people as they transition to adulthood.","MI","47 N Huron St",NA,"Ypsilanti",48197,"Active","Community Priorities",NA,"0013600000uqED3","0013600000uqED3AAM","Health & Wellbeing","Mental Health & Substance Abuse","Adolescence",NA,NA,NA,NA,NA,NA,"47 N Huron St, NA, Ypsilanti, MI, 48197",42.241853518524,-83.613416041999
"22","Business Organization","Bhutanese Community of Michigan","Grassroots, volunteer org based in Grand Rapids","MI","2120 44th Street SE",NA,"Grand Rapids",49508,"Lead","Community Priorities",NA,"0011R00002EP2FS","0011R00002EP2FSQA1","Poverty & Economic Opportunity","Social Justice & Equity","Refugee and Immigrant Support",NA,NA,NA,NA,NA,NA,"2120 44th Street SE, NA, Grand Rapids, MI, 49508",42.883253010401,-85.613549112162
"23","Business Organization","Washtenaw County Water Resources Commissioner’s Office","the Water Resources Commissioner is responsible for maintaining records of the establishment and operation of each drain, for conducting routine maintenance of the drains, and for the accounting of expenditures and financial statements.","MI","705 N Zeeb Rd",NA,"Ann Arbor",48103,"Active","Community Priorities",NA,"0011R00002EOVy8","0011R00002EOVy8QAH","Environment & Sustainability",NA,NA,NA,NA,NA,NA,NA,NA,"705 N Zeeb Rd, NA, Ann Arbor, MI, 48103",42.297041016769,-83.840093968362
"24","Business Organization","Ypsilanti District Library - Whittaker","Library serving Ypsilanti, Michigan.","MI","5577 Whittaker Road",NA,"Ypsilanti",48197,"Lead","Community Priorities",NA,"0013600001HMlCQ","0013600001HMlCQAA1","Early Childhood","Literacy","Middle Childhood","Adolescence",NA,NA,NA,NA,NA,"5577 Whittaker Road, NA, Ypsilanti, MI, 48197",42.20834258581,-83.614883461788
"25","Business Organization","Oakland Livingston Human Services Agency","A community-action oriented human service agency bringing together resources in greater Pontiac and Howell Michigan. Located in the Pontiac Academy of Excellence, OLHSA provides community educational resources for family and friends to be self-empowered such as head start and healthcare registration, service reconnection, and financial self-sufficiency.","MI","196 Cesar E Chavez Avenue",NA,"Pontiac",48342,"Active","Community Priorities",NA,"0011R00002emz1v","0011R00002emz1vQAA","Community Organizing & Advocacy","Early Childhood","Health & Wellbeing",NA,NA,NA,NA,NA,NA,"196 Cesar E Chavez Avenue, NA, Pontiac, MI, 48342",42.644806556704,-83.298294536443
"26","Business Organization","Detroit Health Department","The Detroit Health Department’s goal is to protect and promote the health, well-being, safety and resilience of all Detroiters. The health department offers immunizations, connects expecting mothers to prenatal care, provides vision screening, and is focused on improving the health of the Detroit community.","MI","3245 E Jefferson, Suite 100",NA,"Detroit",48207,"Lead","Community Priorities",NA,"0011R000024I2uZ","0011R000024I2uZQAS","Health & Wellbeing",NA,NA,NA,NA,NA,NA,NA,NA,"3245 E Jefferson, Suite 100, NA, Detroit, MI, 48207",42.341928622845,-83.015434976209
"27","Business Organization","Wayne Metropolitan Community Action Agency","Founded in 1971, Wayne Metro Community Action Agency (Wayne Metro) provides essential services, diversified programming, and community resources to low- and moderate-income individuals and families throughout all of Wayne County.","MI","7310 Woodward Ave, Suite 800",NA,"Detroit",48202,"Lead","Community Priorities",NA,"0011R000024I2Hh","0011R000024I2HhQAK","Health & Wellbeing","Poverty & Economic Opportunity","Aging and Older Adults","Housing Access and Affordability",NA,NA,NA,NA,NA,"7310 Woodward Ave, Suite 800, NA, Detroit, MI, 48202",42.370881434703,-83.072821089566
"28","Business Organization","Warrior Women Against Poverty","Warrior Women Against Poverty helps transform the lives of women and their children by helping them to stabilize their families through intentional decision making. We engage women through mentorship, we connect them to resources, and we broaden their experiences through education workshops, seminars and outings.","MI","615 Griswold Street, Suite 1020",NA,"Detroit",48226,"Lead","Community Priorities",NA,"0011R000024I1pz","0011R000024I1pzQAC","Poverty & Economic Opportunity",NA,NA,NA,NA,NA,NA,NA,NA,"615 Griswold Street, Suite 1020, NA, Detroit, MI, 48226",42.32994459678,-83.047158132795
"29","Business Organization","Brightmoor Alliance","The Brightmoor Alliance is a coalition of nearly 50 organizations dedicated to serving northwest Detroit’s Brightmoor community. Together, we pursue a vision for our community that is built on faith and provides opportunities for all residents of this community to pray, grow, learn, thrive and play. Founded in 2000, the Alliance was established in response to conditions in the community, including poor housing, a high crime rate, and a staggering amount of vacant land. Community organizations – many of which had partnered with one another over the years – felt that the time was right to mobilize community resources and focus their combined efforts to revitalize the area.","MI","17421 Telegraph Rd",NA,"Detroit",48219,"Lead","Community Priorities",NA,"0011R000024I2ds","0011R000024I2dsQAC","Community Organizing & Advocacy",NA,NA,NA,NA,NA,NA,NA,NA,"17421 Telegraph Rd, NA, Detroit, MI, 48219",42.418313283668,-83.277858450673
"30","Business Organization","Communities First, Inc. - Detroit Office","Communities First hosts programs addressing affordable housing, economic development, sustainability, and quality of life that keep the community engaged, and the needs of the community first.","MI","415 West Court Street",NA,"Flint",48503,"Active","Community Priorities",NA,"0011R00002a1v1Z","0011R00002a1v1ZQAQ","Poverty & Economic Opportunity","Housing Access and Affordability",NA,NA,NA,NA,NA,NA,NA,"415 West Court Street, NA, Flint, MI, 48503",43.010278028906,-83.69222219274
"31","Business Organization","Detroit VITALS (Virtual Intersystem Telemedicine and Lifestyles Services)","Free telehealth clinic serving metro-Detroit","MI","n/a",NA,"Detoit",NA,"Active","Community Priorities",NA,"0011R00002a1vIB","0011R00002a1vIBQAY","Health & Wellbeing",NA,NA,NA,NA,NA,NA,NA,NA,"n/a, NA, Detoit, MI, NA",44.787236654807,-83.527920795631
"32","Business Organization","Redford Brightmoor Initiative","RBI has 15+ programs designed to meet a variety of needs in the Brightmoor & Redford communities. These range from free laundry days, to summer school, a community garden & food pantry, holiday shop, and more.","MI","12065 Outer Drive West",NA,"Detroit",48223,"Active","Community Priorities",NA,"0011R00002YyPP6","0011R00002YyPP6QAN","Poverty & Economic Opportunity","Community Building","Nutrition Accessibility",NA,NA,NA,NA,NA,NA,"12065 Outer Drive West, NA, Detroit, MI, 48223",42.390412610206,-83.255765178826
"33","Business Organization","Birwood House","Welcome to Birwood House, Sherobbi’s home and non-profit neighborhood community house since 2016. Sherobbi says her work to nurture a caring community is an extension of her mother’s work in the same house as Birwood Block Club secretary in the 1960s.","Mi","12602 Birwood",NA,"Detroit",48238,"Active","Community Priorities",NA,"0011R00002PimZc","0011R00002PimZcQAJ","Community Organizing & Advocacy","Health & Wellbeing","Social Justice & Equity","Aging and Older Adults","Arts","Housing Access and Affordability",NA,NA,NA,"12602 Birwood, NA, Detroit, Mi, 48238",42.380803805953,-83.16278212851
"34","Business Organization","Washtenaw Office of Community and Economic Development","Community and Economic Development resources and services","MI","415 W Michigan Ave",NA,"Ypsilanti",48197,"Active","Community Priorities",NA,"0013600000uqED6","0013600000uqED6AAM","Community Organizing & Advocacy","Poverty & Economic Opportunity","Housing Access and Affordability",NA,NA,NA,NA,NA,NA,"415 W Michigan Ave, NA, Ypsilanti, MI, 48197",42.240491375439,-83.618719607414
"35","Business Organization","Jewish Family Services of Washtenaw County","Jewish Family Services of Washtenaw County is a private non-profit social services agency serving the greater Ann Arbor community since 1993. Originally established by the Jewish Federation of Washtenaw County to assist the growing number of refugee families in Ann Arbor from the former Soviet Republics, JFS has since grown into an organization providing programs and services ranging from older adult caregiving to immigrant resettlement and career services. As an agency in Washtenaw County that serves a diverse, international population, the mission of Jewish Family Services is to create solutions, promote dignity and inspire humanity.","MI","2245 S. State St., Ste 200",NA,"Ann Arbor",48104,"Active","Community Priorities",NA,"0013600001Hdu3R","0013600001Hdu3RAAR","Health & Wellbeing","Mental Health & Substance Abuse","Aging and Older Adults","Refugee and Immigrant Support","Religious Affiliation",NA,NA,NA,NA,"2245 S. State St., Ste 200, NA, Ann Arbor, MI, 48104",42.254091306708,-83.739235365642
"36","Business Organization","Ypsilanti District Library - Michigan","Library branch of Ypsilanti District Library system.","MI","229 West Michigan Avenue",NA,"Ypsilanti",48197,"Lead","Community Priorities",NA,"0013600001HMlGS","0013600001HMlGSAA1","Early Childhood","Literacy","Middle Childhood","Adolescence",NA,NA,NA,NA,NA,"229 West Michigan Avenue, NA, Ypsilanti, MI, 48197",42.240728709028,-83.615691896349
"37","Business Organization","St. Joseph Mercy Home Care and Hospice","St. Joseph Mercy Home Care and Hospice provides trusted in-home care for patients with a chronic illness or who are recovering from surgery or an illness.","MI","34505 W. 12 Mile Rd, Suite 100",NA,"Farmington Hills",48331,"Active","Community Priorities",NA,"0011R000025ERj4","0011R000025ERj4QAG","Health & Wellbeing","Aging and Older Adults",NA,NA,NA,NA,NA,NA,NA,"34505 W. 12 Mile Rd, Suite 100, NA, Farmington Hills, MI, 48331",42.496512249343,-83.392175372407
"38","Business Organization","Community Family Life Center","CFLC is a neighborhood-based, non-profit organization that serves as a hub for the Sugarbrook Neighborhood and the greater Ypsilanti area.
 
 https://www.guidestar.org/profile/32-0115383","MI","1375 S Harris Rd",NA,"Ypsilanti",48198,"Active","Community Priorities",NA,"0011R000027SL3V","0011R000027SL3VQAW","Poverty & Economic Opportunity","Literacy","Middle Childhood","Families",NA,NA,NA,NA,NA,"1375 S Harris Rd, NA, Ypsilanti, MI, 48198",42.225845340745,-83.58190695922
"39","Business Organization","Chandler Park Conservancy","The vision of the Conservancy is a revitalized Chandler Park, which is one of only four 200-plus acre “regional parks” in the City of Detroit. The Conservancy is working to develop a multi-facility “urban conservation campus,” on 100 acres of the park, the only one of its kind in the state of Michigan. The facilities will complement the existing Chandler Park Golf Course and Wayne County Family Aquatic Center.","MI","4401 Conner, Suite 225",NA,"Detroit",48215,"Active","Community Priorities",NA,"0011R00002Pj8di","0011R00002Pj8diQAB","Health & Wellbeing",NA,NA,NA,NA,NA,NA,NA,NA,"4401 Conner, Suite 225, NA, Detroit, MI, 48215",42.386307363578,-82.970849537743
"40","Business Organization","Detroit is Different","Detroit is Different is a home for the people and places that enrich the culture of Detroit. Through creative revisions, personal experience, imaginative tales, and future opportunity; Detroit is Different comes to life. Detroit is Different was founded by Hip-hop Artist and Detroit Advocate Khary WAE Frazier in the Spring of 2014. Today, Detroit is Different serves as an online magazine featuring people, places, and events that make Detroit so different.","MI","n/a",NA,"Detroit",NA,"Active","Community Priorities",NA,"0011R00002PijFJ","0011R00002PijFJQAZ","Community Organizing & Advocacy","Poverty & Economic Opportunity","Social Justice & Equity","Arts","Specific Cultural Focus",NA,NA,NA,NA,"n/a, NA, Detroit, MI, NA",42.3329407,-83.0478365
"41","Business Organization","Parkridge Community Center/Washtenaw Community College","The center is designed to actively involve youth in safe, positive, and structured activities after school and during critical gaps between school and academic terms for students in Ypsilanti's south side.","MI","591 Armstrong Dr",NA,"Ypsilanti",48197,"Active","Community Priorities",NA,"0013600000uqED8","0013600000uqED8AAM","Poverty & Economic Opportunity","Aging and Older Adults","Middle Childhood","Housing Access and Affordability","Adolescence",NA,NA,NA,NA,"591 Armstrong Dr, NA, Ypsilanti, MI, 48197",42.232411597964,-83.623588068235
"42","Business Organization","SOS Community Services","SOS serves Washtenaw County families, individuals, and children, with comprehensive services that move them from homelessness to self-sufficiency and permanent, stable housing.","MI","101 South Huron Street",NA,"Ypsilanti",48197,"Active","Community Priorities",NA,"0013600000uqED9","0013600000uqED9AAM","Early Childhood","Middle Childhood","Housing Access and Affordability","Adolescence","Families","Nutrition Accessibility",NA,NA,NA,"101 South Huron Street, NA, Ypsilanti, MI, 48197",42.2396160952,-83.612828219129
"43","Business Organization","Washtenaw County Health Department","The Washtenaw County Public Health provides public health education and services for Washtenaw County residents.","MI","555 Towner",NA,"Ypsilanti",48197,"Active","Community Priorities",NA,"0013600000uqEDA","0013600000uqEDAAA2","Health & Wellbeing",NA,NA,NA,NA,NA,NA,NA,NA,"555 Towner, NA, Ypsilanti, MI, 48197",42.239738009982,-83.600421996601
"44","Business Organization","Ypsilanti Meals on Wheels","Ypsilanti Meals on Wheels is a non-profit with the specific purpose of delivering prepared meals to the homebound elderly, disabled, and ill residents in Eastern Washtenaw County in the City and Township of Ypsilanti, Augusta Township, Superior Township, eastern Pittsfield Township and York Township.","MI","1110 W Cross St",NA,"Ypsilanti",48197,"Active","Community Priorities",NA,"0013600000uqEDD","0013600000uqEDDAA2","Health & Wellbeing","Aging and Older Adults","Nutrition Accessibility",NA,NA,NA,NA,NA,NA,"1110 W Cross St, NA, Ypsilanti, MI, 48197",42.245698590877,-83.631909621708
"45","Business Organization","Hope Clinic","Hope Clinic offers medical care and dental care to the uninsured, plus a variety of social services to minister to the whole person for Washtenaw County residents.","MI","518 Harriet St",NA,"Ypsilanti",48197,"Active","Community Priorities",NA,"0013600000uqEDF","0013600000uqEDFAA2","Health & Wellbeing","Mental Health & Substance Abuse","Poverty & Economic Opportunity","Religious Affiliation",NA,NA,NA,NA,NA,"518 Harriet St, NA, Ypsilanti, MI, 48197",42.234070418512,-83.618821363719
"46","Business Organization","Ann Arbor Meals on Wheels","Meals on Wheels clients are primarily older adults or individuals with disabilities who are homebound and cannot prepare complete, nutritious meals for themselves. Clients are served regardless of age or financial status. The suggested donation amount is $5 a day. Clients who are unable to pay the full amount of the suggested donation will not be denied services.","MI","2025 Traverwood Dr # F",NA,"Ann Arbor",48105,"Active","Community Priorities",NA,"0013600000uqEDH","0013600000uqEDHAA2","Health & Wellbeing","Aging and Older Adults","Nutrition Accessibility",NA,NA,NA,NA,NA,NA,"2025 Traverwood Dr # F, NA, Ann Arbor, MI, 48105",42.303115004815,-83.713966023044
"47","Business Organization","Avalon Housing","Avalon Housing supports permanent supportive housing through enhanced property management, supportive services and real estate development.","MI","1327 Jones Dr #102",NA,"Ann Arbor",48105,"Active","Community Priorities",NA,"0013600000uqEQD","0013600000uqEQDAA2","Health & Wellbeing","Mental Health & Substance Abuse","Poverty & Economic Opportunity","Housing Access and Affordability",NA,NA,NA,NA,NA,"1327 Jones Dr #102, NA, Ann Arbor, MI, 48105",42.292651791262,-83.734672676648
"48","Business Organization","826 Michigan","826michigan writing and tutoring programs uphold a culture of creativity and imagination and support students in establishing strong habits of mind.","MI","115 East Liberty",NA,"Ann Arbor",48104,"Active","Community Priorities",NA,"0013600000uqEQE","0013600000uqEQEAA2","Literacy","Middle Childhood","Adolescence",NA,NA,NA,NA,NA,NA,"115 East Liberty, NA, Ann Arbor, MI, 48104",42.279748018961,-83.747854895772
"49","Business Organization","The Family Empowerment Program","The Family Empowerment Program (FEP) is a five-year academic, employment, and savings incentive program designed to help low income families gain education and career skills in order to improve their financial situation and progress toward self-sufficiency.","MI","596 S Hamilton St",NA,"Ypsilanti",48197,"Active","Community Priorities",NA,"0013600000uqEQF","0013600000uqEQFAA2","Early Childhood","Poverty & Economic Opportunity","Middle Childhood","Housing Access and Affordability","Adolescence","Families",NA,NA,NA,"596 S Hamilton St, NA, Ypsilanti, MI, 48197",42.231212440986,-83.61878138204
"50","Business Organization","Leslie Science and Nature Center","Leslie Science & Nature Center educates and inspires children and adults to discover, understand, and respect their natural environment in Washtenaw County.","MI","1831 Traver Road",NA,"Ann Arbor",48105,"Active","Community Priorities",NA,"0013600000uqEQL","0013600000uqEQLAA2","Early Childhood","Environment & Sustainability","Middle Childhood","Education/Schooling",NA,NA,NA,NA,NA,"1831 Traver Road, NA, Ann Arbor, MI, 48105",42.30100318431,-83.730717927092
"51","Business Organization","Student Advocacy Center","The Student Advocacy Center helping vulnerable Michigan students stay in school or get back into school.","MI","124 Pearl St #504",NA,"Ypsilanti",48197,"Active","Community Priorities",NA,"0013600000uqEQJ","0013600000uqEQJAA2","Community Organizing & Advocacy","Middle Childhood","Adolescence","Special Education",NA,NA,NA,NA,NA,"124 Pearl St #504, NA, Ypsilanti, MI, 48197",42.242449807116,-83.614218106314
"52","Business Organization","Buenos Vecinos","IDEA Buenos Vecinos (IBV) is an emerging collaboration comprised of several partners whose collective mission is to ignite ideas, foster involvement, and promote leadership in the Latinx community.","MI","n/a",NA,"Ypsilanti",NA,"Active","Community Priorities",NA,"0013600001HMmV1","0013600001HMmV1AAL","Community Organizing & Advocacy","Specific Cultural Focus","Adolescence",NA,NA,NA,NA,NA,NA,"n/a, NA, Ypsilanti, MI, NA",42.2398061,-83.6145427
"53","Business Organization","Detroit Urban Solutions (CIV:LAB)","CIV:LAB is a 501(c)(3) non-profit organization working in New York and Detroit on urban innovation and economic development.
 
 
 
 CIV:LAB’s unique model, launched in partnership with the New York City Economic Development Corporation (NYCEDC) is called the Grid. It harmonizes the urban innovation ecosystem by connecting entrepreneurs, city departments, academia, business, and community leaders within cities and around the world to identify urban problems, solve them, and scale those solutions.
 
 
 
 The ultimate goal of CIV:LAB is to build and enhance a network that accelerates innovation in social impact. CIV:LAB works in urban tech with a focus in areas such as accessibility, buildings, mobility, cleantech, waste, water and urban ag.","NY","335 Madison, 4th Floor",NA,"New York",10173,"Active","Community Priorities",NA,"0011R00002WeGil","0011R00002WeGilQAF","Poverty & Economic Opportunity",NA,NA,NA,NA,NA,NA,NA,NA,"335 Madison, 4th Floor, NA, New York, NY, 10173",40.753586846755,-73.978522612703
"54","Business Organization","Washtenaw County Racial Equity Office","Office within Washtenaw County government focused on addressing racial inequities within Washtenaw county - both at the staff/department level of county government as well as more broadly within the community.","MI","P.O. Box 8645",NA,"Ann Arbor",48107,"Active","Community Priorities",NA,"0011R00002foHwS","0011R00002foHwSQAU","Social Justice & Equity",NA,NA,NA,NA,NA,NA,NA,NA,"P.O. Box 8645, NA, Ann Arbor, MI, 48107",42.27951,-83.74722
"55","Business Organization","Hands Across the Water","Founded in 1999 by Jim and Kathi Nelson initially as an adoption education resource organization, HATW is a human rights organization serving disenfranchised communities and families on their journeys through adoption and foster care. HATW provides holistic services to strengthen families including parent education/prevention programs, foster care, adoption (international, infant and state ward), pregnancy counseling and behavioral health programs. Over the past 20 years, HATW has supported and empowered thousands of children and families in our community, state, country and across the globe through inclusive, strengths-based services.","MI","781 Avis Drive, Suite 200",NA,"Ann Arbor",48108,"Active","Community Priorities",NA,"0011R00002laRGM","0011R00002laRGMQA2","Civic Engagement","Early Childhood","Social Justice & Equity",NA,NA,NA,NA,NA,NA,"781 Avis Drive, Suite 200, NA, Ann Arbor, MI, 48108",42.209596015611,-83.739397723106
"56","Business Organization","Ypsi Can I Share","A grass roots advocacy group with a specific focus on informing, registering and educating people on voting and community issues.","MI","n/a",NA,"Ypsilanti",NA,"Active","Community Priorities",NA,"0011R00002TmSwU","0011R00002TmSwUQAV","Civic Engagement","Community Organizing & Advocacy",NA,NA,NA,NA,NA,NA,NA,"n/a, NA, Ypsilanti, MI, NA",42.2398061,-83.6145427
"57","Business Organization","Community Health and Social Services Center, Inc.","The Community Health and Social Services (CHASS) Center, Inc., is a community-based, not for profit organization formed to develop, promote, and provide comprehensive, accessible and affordable quality primary health care and support services to all residents of the community, with special emphasis on the underserved African-American and Latino population.","MI","5635 West Fort Street",NA,"Detroit",48209,"Active","Community Priorities",NA,"0011R00002TpPAl","0011R00002TpPAlQAN","Health & Wellbeing",NA,NA,NA,NA,NA,NA,NA,NA,"5635 West Fort Street, NA, Detroit, MI, 48209",42.308908073375,-83.096934986812
"58","Business Organization","Mama Akua Community House","Mama Akua Community House, a community-oriented business founded in 2008, has expanded bookstore space in 2011 to include a commercial kitchen. Wi-fi, video gaming, community computer station, books, art, cozy community space. Come hang out with us!","MI","2431 East Ferry Street",NA,"Detroit",48211,"Lead","Community Priorities",NA,"0011R00002oEPJd","0011R00002oEPJdQAO","Community Organizing & Advocacy",NA,NA,NA,NA,NA,NA,NA,NA,"2431 East Ferry Street, NA, Detroit, MI, 48211",42.369889516397,-83.043657651552
"59","Business Organization","Michigan Economic Development Corporation","VISION
 
 We will transform the Michigan economy by growing and attracting business, keeping talented residents here, and revitalizing our urban centers.
 
 
 
 A Top 10 State For:
 
 Low unemployment
 
 Per capita income
 
 GDP growth
 
 Young adult population growth
 
 OUR CUSTOMERS
 
 We engage with customers globally, including:
 
 
 
 Businesses, entrepreneurs and communities
 
 A talented workforce that adds value to Michigan businesses","MI","300 North Washington Square",NA,"Lansing",48933,"Active","Community Priorities",NA,"0013600001df3Z8","0013600001df3Z8AAI","Poverty & Economic Opportunity",NA,NA,NA,NA,NA,NA,NA,NA,"300 North Washington Square, NA, Lansing, MI, 48933",42.736216742888,-84.551481345925
"60","Business Organization","Michigan Broadband Cooperative","An all-volunteer group of western Washtenaw County residents and friends, working to bring affordable high quality, reliable, and uncapped internet access to our area.","MI","P.O. Box 161",NA,"Chelsea",NA,"Lead","Community Priorities",NA,"0013600001Jk3V6","0013600001Jk3V6AAJ","Community Organizing & Advocacy","Poverty & Economic Opportunity","Social Justice & Equity",NA,NA,NA,NA,NA,NA,"P.O. Box 161, NA, Chelsea, MI, NA",42.3143187,-84.0203732
"61","Business Organization","Association of Businesses of Color (Ypsilanti)","A newly formed group in Ypsilanti looking to provide opportunities and resources for business owners of color. Has recently become a 5013c6
 
 Article - https://www.secondwavemedia.com/concentrate/innovationnews/associationofbusinessownersofcolor0559.aspx","MI",NA,NA,"Ypsilanti",NA,"Active","Community Priorities",NA,"0011R00002Y1Ylu","0011R00002Y1YluQAF","Community Organizing & Advocacy","Specific Cultural Focus",NA,NA,NA,NA,NA,NA,NA,"NA, NA, Ypsilanti, MI, NA",42.2398061,-83.6145427
"62","Business Organization","MACC Development","MACC Development is committed to Detroit's 48214 zip code by providing programming rooted in the Christian faith such as the following:
 
 - Hosting mission trips in Detroit
 
 - Youth Sports 
 
 - Housing Development
 
 - Educational Support
 
 - Legal Help","MI","7900 Mack Ave",NA,"Detroit",48214,"Active","Community Priorities",NA,"0011R000025Pxtz","0011R000025PxtzQAC","Community Organizing & Advocacy","Social Justice & Equity","Middle Childhood","Religious Affiliation","Tutoring",NA,NA,NA,NA,"7900 Mack Ave, NA, Detroit, MI, 48214",42.366412916391,-83.006756353661
"63","Business Organization","Washtenaw Area Council for Children","Education and programming for parents and professionals around child safety and well-being","MI","3075 West Clark Road",NA,"Ypsilanti",48197,"Active","Community Priorities",NA,"0013600001c56eh","0013600001c56ehAAA","Early Childhood","Middle Childhood",NA,NA,NA,NA,NA,NA,NA,"3075 West Clark Road, NA, Ypsilanti, MI, 48197",42.258646410079,-83.658717378815
"64","Business Organization","Michigan Organization on Adolescent Sexual Health","Adolescent pregnancy and other issues related to adolescent sexual health affect all of us – in our families, our faith communities, our schools, and our businesses. The personal, societal, and economic costs of teen pregnancy and adolescent sexual risk-taking are undeniably high, placing huge burdens on our education, health, welfare, and social service systems. There is much work to be done: rates for pregnancy, HIV and other sexually transmitted diseases are unacceptably high and disproportionately burdensome to our most vulnerable youth. A statewide organization is part of the solution.","MI","PO Box 1386",NA,"East Lansing",48826,"Active","Community Priorities",NA,"0013600001df5CV","0013600001df5CVAAY","Community Organizing & Advocacy",NA,NA,NA,NA,NA,NA,NA,NA,"PO Box 1386, NA, East Lansing, MI, 48826",42.7455848,-84.4836794
"65","Business Organization","New Detroit","New Detroit focuses its work on areas that represent the greatest potential threat to the community's ability to achieve and maintain positive race relations. These are areas where gaps exist between white individuals and individuals of color where improvements can be made to strengthen racially diverse communities:","MI","535 Griswold St #2500",NA,"Detroit",48226,"Active","Community Priorities",NA,"0013600001Jk32E","0013600001Jk32EAAR","Social Justice & Equity",NA,NA,NA,NA,NA,NA,NA,NA,"535 Griswold St #2500, NA, Detroit, MI, 48226",42.329419512455,-83.046930564124
"66","Business Organization","Michigan Center for Youth Justice","MCYJ seeks to improve youth justice services from the point of first contact with the police through reentry from incarceration, using a trauma-informed lens. Through research, collaboration, and advocacy-oriented strategies, we work to shape public policy and educate justice system stakeholders.","MI","1679 Broadway Street",NA,"Ann Arbor",48105,"Active","Community Priorities",NA,"0011R00002dnI7c","0011R00002dnI7cQAE","Community Organizing & Advocacy","Criminal Legal System","Adolescence",NA,NA,NA,NA,NA,NA,"1679 Broadway Street, NA, Ann Arbor, MI, 48105",42.296436639641,-83.726926289372
"67","Business Organization","City of Ypsilanti","City government","MI","1 South Huron Street",NA,"Ypsilanti",48197,"Lead","Community Priorities",NA,"0011R00002Y1ZRg","0011R00002Y1ZRgQAN","Civic Engagement",NA,NA,NA,NA,NA,NA,NA,NA,"1 South Huron Street, NA, Ypsilanti, MI, 48197",42.240789435916,-83.612832829176
"68","Business Organization","Ypsilanti City Council and Office of the Mayor","The Ypsilanti City Council is comprised of a Mayor, who is elected by voters in the city at-large, and 6 Council Members elected from the City's 3 voting wards.","MI","1 South Huron Street",NA,"Ypsilanti",48197,"Lead","Community Priorities",NA,"0011R00002Y1ZZK","0011R00002Y1ZZKQA3","Civic Engagement",NA,NA,NA,NA,NA,NA,NA,NA,"1 South Huron Street, NA, Ypsilanti, MI, 48197",42.240789435916,-83.612832829176
"69","Business Organization","5 Healthy Towns","Through their wellness centers and community events in Chelsea, Dexter, Manchester, Grass Lake, and Stockbridge, their vision is that the people in their ""5 Healthy Towns"":
 
 Eat Better
 
 Move More
 
 Avoid Unhealthy Substances
 
 Connect with Others in Healthy Ways","MI","14800 East Old US Highway 12",NA,"Chelsea",48118,"Active","Community Priorities",NA,"0011R00002Y1bsR","0011R00002Y1bsRQAR","Health & Wellbeing",NA,NA,NA,NA,NA,NA,NA,NA,"14800 East Old US Highway 12, NA, Chelsea, MI, 48118",42.307535788188,-84.018745098272
"70","Business Organization","Girls on the Run Southeastern Michigan","The 20-lesson Girls on the Run curriculum combines training for a 5K (3.1 miles) running event with lessons that inspire girls to become independent thinkers, enhance their problem solving skills and make healthy decisions. All of this is accomplished through an active collaboration with girls and their parents, schools, volunteers, staff, and the community.","MI","5333 McAuley Drive, Suite 6012",NA,"Ypsilanti",48197,"Active","Community Priorities",NA,"0013600000x4JDe","0013600000x4JDeAAM","Health & Wellbeing","Middle Childhood","Specific Cultural Focus",NA,NA,NA,NA,NA,NA,"5333 McAuley Drive, Suite 6012, NA, Ypsilanti, MI, 48197",42.266522004393,-83.650740992115
"71","Business Organization","North Star Reach","Summer camp for children with serious health challenges","MI","674 S. Wagner Road",NA,"Ann Arbor",48103,"Lead","Community Priorities",NA,"0013600000x4HqN","0013600000x4HqNAAU","Health & Wellbeing","Middle Childhood","Adolescence",NA,NA,NA,NA,NA,NA,"674 S. Wagner Road, NA, Ann Arbor, MI, 48103",42.275450575294,-83.799972899165
"72","Business Organization","The People's Action","Officially created in March 23rd of 2018 as a nonprofit organization, The People’s Action (TPA) is a 501c(3) non-profit dedicated in ensuring the integrity and future of the undeserved people is not exploited.","MI","861 Taylor Street",NA,"Detroit",48202,"Active","Community Priorities",NA,"0011R00002dnwhZ","0011R00002dnwhZQAQ","Community Organizing & Advocacy","Poverty & Economic Opportunity",NA,NA,NA,NA,NA,NA,NA,"861 Taylor Street, NA, Detroit, MI, 48202",42.379190121954,-83.088163241319
"73","Business Organization","At Bat","First, we’re dedicating time to teaching the youth how to play safe baseball and softball. Safety is applied through education on the fundamentals of both sports. 
 
 
 
 Second, we’re providing the youth with clinics that focus on promoting self-assurance. This helps build confidence within the youth so that they can reach their full potential. 
 
 
 
 We’re teaching the youth these values that can help rebuild a community because helping the youth is essential to creating a better future.","MI","25901 West 10 Mile Rd., Suite 114",NA,"Southfield",48033,"Active","Community Priorities",NA,"0013600001gklzW","0013600001gklzWAAQ","Health & Wellbeing","Middle Childhood","STEM Education and Outreach",NA,NA,NA,NA,NA,NA,"25901 West 10 Mile Rd., Suite 114, NA, Southfield, MI, 48033",42.470900757458,-83.300158252614
"74","Business Organization","482 Forward","482Forward is a citywide education organizing network in Detroit. We are neighborhood organizations, parents, and youth committed to ensuring that all Detroit children have access to an excellent education, regardless of their race or socioeconomic status. Together, we are building power to make systemic change and win educational justice for our communities.","MI","n/a",NA,"Detroit",48202,"Lead","Community Priorities",NA,"0013600001nG1tj","0013600001nG1tjAAC","Civic Engagement","Community Organizing & Advocacy","Social Justice & Equity","Education/Schooling",NA,NA,NA,NA,NA,"n/a, NA, Detroit, MI, 48202",42.3736068,-83.079257
"75","Business Organization","Community Development Advocates of Detroit","For 20 years, the Community Development Advocates of Detroit (CDAD) has served as the leading voice for Detroit’s community development industry. With over 100 dues-paying members, CDAD advocates for public policies and resources that advance the work of nonprofit, community-based organizations in Detroit neighborhoods who are engaged in physical development, land use planning, community organizing, and other activities designed to stabilize and revitalize the quality of life in Detroit.","MI","440 Burroughs St","#201","Detroit",48202,"Active","Community Priorities",NA,"0013600001nG1rO","0013600001nG1rOAAS","Civic Engagement","Community Organizing & Advocacy","Poverty & Economic Opportunity",NA,NA,NA,NA,NA,NA,"440 Burroughs St, #201, Detroit, MI, 48202",42.365063849075,-83.073013621882
"76","Business Organization","Joyful Treats Community Development Corporation","JTCDC serves a diverse segment of the population whose economical, physical or mental conditions impair their ability to provide their livelihood (survival needs). Their efforts include: weekly food distribution on Tuesdays; business incubator for small businesses needing office space; distribute back to school lunch pails and school supplies annually; serve as a Champion location for Small Business Saturday to encourage buying locally; host monthly workshops to assist in becoming economically sustainable or nutritionally as well as a variety of additional programs for entrepreneurs.","MI","PO Box 970767","103 Ecorse Rd","Ypsilanti",48197,"Lead","Community Priorities",NA,"0011R00002W8lIP","0011R00002W8lIPQAZ","Health & Wellbeing","Poverty & Economic Opportunity","Nutrition Accessibility",NA,NA,NA,NA,NA,NA,"PO Box 970767, 103 Ecorse Rd, Ypsilanti, MI, 48197",42.239361872077,-83.596918444893
"77","Business Organization","East Michigan Environmental Action Council","EAST MICHIGAN ENVIRONMENTAL ACTION COUNCIL (EMEAC) began as a response in the 1960's to environmental concerns in southeast Michigan. Algae blooms were choking out life in Great Lakes and inland waters. Household and industrial wastes were piling up in landfills. Air pollutants were becoming a health issue in many urban neighborhoods and highways and buildings were covering up wetlands and open areas at the urban fringe.","MI","4605 Cass Ave",NA,"Detroit",48202,"Lead","Community Priorities",NA,"0011R00002Pil9r","0011R00002Pil9rQAB","Community Organizing & Advocacy","Environment & Sustainability","Poverty & Economic Opportunity","Social Justice & Equity",NA,NA,NA,NA,NA,"4605 Cass Ave, NA, Detroit, MI, 48202",42.353072279297,-83.065611060274
"78","Business Organization","The James and Grace Lee Boggs Center","Our aim is to help grassroots activists develop themselves into visionary leaders and critical thinkers who can devise proactive strategies for rebuilding and respiriting our cities and rural communities from the ground up, demonstrate the power of ideas in changing ourselves, our reality, and demystify leadership.","MI","3631 Field Street",NA,"Detroit",NA,"Lead","Community Priorities",NA,"0011R00002PiO6H","0011R00002PiO6HQAV","Civic Engagement","Community Organizing & Advocacy","Poverty & Economic Opportunity","Social Justice & Equity","Arts",NA,NA,NA,NA,"3631 Field Street, NA, Detroit, MI, NA",42.36529539915,-83.012390082242
"79","Business Organization","Detroit Parent Collective","Imagine a home-like co-working space, located within the heart of Detroit, which offers an eco-friendly environment to its families and children. Children are engaged, playing within close proximity utilizing asthetic materials. Dialogue begins and families are bonding. This is the intent of Detroit Parent Collective.","MI","8418 W McNichols Rd",NA,"Detroit",48221,"Active","Community Priorities",NA,"0011R00002Es03Z","0011R00002Es03ZQAR","Early Childhood","Poverty & Economic Opportunity","Adolescence","Adult Education","Early Childhood","Families","Middle Childhood",NA,NA,"8418 W McNichols Rd, NA, Detroit, MI, 48221",42.417232814439,-83.154002084934
"80","Business Organization","Henry Ford Village","senior living community located in Southeast Michigan in the city of Dearborn. Developed by Ford Land, the not-for-profit community is situated on the 35-acre birthplace of Henry Ford.","MI","15101 Ford Road",NA,"Dearborn",48126,"Lead","Community Priorities",NA,"0011R00002Es5W6","0011R00002Es5W6QAJ","Health & Wellbeing","Aging and Older Adults",NA,NA,NA,NA,NA,NA,NA,"15101 Ford Road, NA, Dearborn, MI, 48126",42.326583244059,-83.191787872087
"81","Business Organization","Detroit Community Health Connection","Detroit Community Health Connection, Inc. is a non-profit community-based primary care organization committed to providing accessible, affordable and quality service to all members of the community we serve.","MI","611 Martin Luther King Jr Blvd",NA,"Detroit",48201,"Lead","Community Priorities",NA,"0011R00002ErbLb","0011R00002ErbLbQAJ","Health & Wellbeing",NA,NA,NA,NA,NA,NA,NA,NA,"611 Martin Luther King Jr Blvd, NA, Detroit, MI, 48201",42.34438929816,-83.063387006085
"82","Business Organization","We the People Michigan","What we do:
 
 Build long-term deep organizing infrastructure. It’s critical that this is not solely focused on elections. We also focus on local and regional issues that impact our communities, and on accountability for corporate and elite actors that often shape policy landscapes.
 
 
 
 Foster stable, long-lasting alliances across urban, suburban, and rural communities that is explicitly multi-racial with a racial justice lens. We facilitate space for relationships, dialogue, and shared strategies across diverse communities
 
 
 
 Be an engine for learning. We The People’s lasting impact requires rigorous and disciplined organizing that is intentional around political education, storytelling, power mapping, racial healing, cultural organizing, and strong alliance building.","MI","n/a",NA,"Detroit",NA,"Active","Community Priorities",NA,"0011R00002FIC0E","0011R00002FIC0EQAX","Community Organizing & Advocacy",NA,NA,NA,NA,NA,NA,NA,NA,"n/a, NA, Detroit, MI, NA",42.3329407,-83.0478365
"83","Business Organization","Saline Area Social Services","Saline Area Social Service is a private, tax-exempt non-profit organization that has been serving students, families and senior citizens that reside within the Saline Area School District for over 50 years.
 
 
 
 With approximately 1,000 Saline area families living below poverty level, and 470 students receiving free or reduced lunch every day, Saline Area Social Service needs the continued support of our neighbors and community to help us sustain and grow.","MI","224 West Michigan Avenue",NA,"Saline",48176,"Lead","Community Priorities",NA,"0013600001aNuKJ","0013600001aNuKJAA0","Civic Engagement","Community Organizing & Advocacy","Early Childhood","Health & Wellbeing","Poverty & Economic Opportunity","Aging and Older Adults","Middle Childhood","Adolescence",NA,"224 West Michigan Avenue, NA, Saline, MI, 48176",42.164810417297,-83.786491110821
"84","Business Organization","Encourage Me, I'm Young","Encourage Me I’m Young (EMIY) Inc., a non-profit 501c3 based in Detroit is a grassroots volunteer-driven organization dedicated to legacy. We have supported, developed, and nurtured children and fathers to reach their fullest potential since 2007. As you may have witnessed, the family, community, and country are facing one of our biggest social, physical, and spiritual challenges of our time. There is a clear attack on the family unit targeting the father and child. We use our voice for advocacy and our passion for programs to drive our work to “build families through developing boys and encouraging fathers.”","MI","14179 Evergreen",NA,"Detroit",48223,"Active","Community Priorities",NA,"0011R00002K92Za","0011R00002K92ZaQAJ","Early Childhood","Middle Childhood",NA,NA,NA,NA,NA,NA,NA,"14179 Evergreen, NA, Detroit, MI, 48223",42.389499108488,-83.237747607398
"85","Business Organization","Manchester Community Resource Center","The Community Resource Center (CRC) was formed in the late 1980s when a large manufacturer in Manchester closed down, leaving many families in need. Since that time, the CRC has been addressing community needs and working to improve the quality of life for those in the Village of Manchester and the surrounding townships. We endeavor to provide creative solutions to community problems by mobilizing people and resources. At the heart of these commitments is our belief in the volunteer spirit to address community needs and improve the quality of life.","MI","410 City Road",NA,"Manchester",48158,"Lead","Community Priorities",NA,"0013600001aNwPS","0013600001aNwPSAA0","Community Organizing & Advocacy","Early Childhood","Health & Wellbeing","Poverty & Economic Opportunity","Aging and Older Adults","Middle Childhood","Adolescence",NA,NA,"410 City Road, NA, Manchester, MI, 48158",42.148475010017,-84.033271020294
"86","Business Organization","League of Women Voters Ann Arbor Area","The League of Women Voters is a nonpartisan political organization encouraging informed and active participation in government. It influences public policy through education and advocacy. We never support or oppose any political party or candidate.","MI","Box 3832",NA,"Ann Arbor",NA,"Active","Community Priorities",NA,"0011R00002HDRR0","0011R00002HDRR0QAP","Community Organizing & Advocacy",NA,NA,NA,NA,NA,NA,NA,NA,"Box 3832, NA, Ann Arbor, MI, NA",42.2814189,-83.7484779
"87","Business Organization","WCCMH: Family & Youth Services","The clinic provides a range of mental health services to children and adolescents (ages birth to 18) and their families. Services include assessment, and treatment of children and their families utilizing individual, family & group therapy, crisis intervention, psychiatric evaluation, medication management, intensive client service management and outreach.","MI","2140 East Ellsworth Road",NA,"Ann Arbor",48108,"Active","Community Priorities",NA,"0011R00001zASfa","0011R00001zASfaQAG","Early Childhood","Health & Wellbeing","Mental Health & Substance Abuse","Middle Childhood","Adolescence","Families",NA,NA,NA,"2140 East Ellsworth Road, NA, Ann Arbor, MI, 48108",42.22923049807,-83.717283915597
"88","Business Organization","Telling It","Telling It was founded in 2002 as an arts-based literacy program for school-age youth experiencing homelessness. Over time, it became clear youth need to process the hurts in their lives first before they can practice reading and writing. Telling It developed and included therapeutic elements along with emotional literacy skills to support healing, learning and empowering of youth who have experienced some form of trauma so they can lead safe, healthy and fulfilling lives.","MI","701 East University Avenue",NA,"Ann Arbor",48109,"Active","Community Priorities",NA,"0013600001bHWva","0013600001bHWvaAAG","Community Organizing & Advocacy","Arts","Adolescence",NA,NA,NA,NA,NA,NA,"701 East University Avenue, NA, Ann Arbor, MI, 48109",42.272947864734,-83.735143320512
"89","Business Organization","Detroit People's Platform","The People’s Platform is a broad network of Detroit-based social justice organizations, activists, and residents committed to bringing about just transformation in economics and social dynamics through popular education, celebration, and organizing. We use data, analysis, advocacy, media and organizing to protect and increase participation in the democratic process and to demand that state and local decision makers consider racial equity and economic justice in their planning, funding, and policy-making decisions.","MI","No Billing Address",NA,"Detroit",NA,"Lead","Community Priorities",NA,"0011R000025PvqU","0011R000025PvqUQAS","Civic Engagement","Community Organizing & Advocacy","Social Justice & Equity",NA,NA,NA,NA,NA,NA,"No Billing Address, NA, Detroit, MI, NA",21.50951,-104.89569
"90","Business Organization","Detroit People's Water Board Coalition","Water is life. The People’s Water Board advocates for access, protection, and conservation of water. We believe all people should have access to clean, safe, accessible and affordable water and sanitation. Water is a human right and part of the commons that should be held in the public trust free of privatization. We work with partners and allies to promote awareness of these issues and the interconnectedness of all people and resources.","MI","c/o EMEAC","4605 Cass Avenue","Detroit",48201,"Active","Community Priorities",NA,"0011R000025Px9W","0011R000025Px9WQAS","Civic Engagement","Community Organizing & Advocacy","Health & Wellbeing","Environment & Sustainability",NA,NA,NA,NA,NA,"c/o EMEAC, 4605 Cass Avenue, Detroit, MI, 48201",42.353072279297,-83.065611060274
"91","Business Organization","Michigan Welfare Rights Organization","The Michigan Welfare Rights Organization is the union of public assistance recipients and low-income workers in this state. MWRO has chapters across Michigan and is one of the founding members of the National Welfare Rights Union. Our goal is to organize recipients and low-income workers to fight for our rights, to eliminate poverty in this country and to build an army prepared to battle or the economic and human rights of millions of disenfranchised Americans.","MI","23 E. Adams St.","4th Floor","Detroit",48226,"Lead","Community Priorities",NA,"0011R000025Pv2Z","0011R000025Pv2ZQAS","Poverty & Economic Opportunity","Social Justice & Equity",NA,NA,NA,NA,NA,NA,NA,"23 E. Adams St., 4th Floor, Detroit, MI, 48226",42.337339782313,-83.050651458581
"92","Business Organization","Focus: HOPE","Focus: HOPE address the problems of hunger, economic disparity, inadequate education and racial divisiveness through its three primary programs.","MI","1200 Oakman Boulevard",NA,"Detroit",48238,"Active","Community Priorities",NA,"0013600001f5Zea","0013600001f5ZeaAAE","Community Organizing & Advocacy","Early Childhood","Poverty & Economic Opportunity","Social Justice & Equity","Aging and Older Adults","Middle Childhood","Housing Access and Affordability","Adolescence","Nutrition Accessibility","1200 Oakman Boulevard, NA, Detroit, MI, 48238",42.400845565088,-83.121037819945
"93","Business Organization","Interfaith Council for Peace & Justice","The core of ICPJ’s work comes from our six volunteer-led program areas and working groups. These program committees bring people together from a variety of religions and backgrounds to work on a specific peace and justice issue.","MI","1414 Hill St.",NA,"Ann Arbor",48104,"Active","Community Priorities",NA,"0013600001JNg92","0013600001JNg92AAD","Community Organizing & Advocacy","Social Justice & Equity","Refugee and Immigrant Support",NA,NA,NA,NA,NA,NA,"1414 Hill St., NA, Ann Arbor, MI, 48104",42.27175616765,-83.730662355074
"94","Business Organization","Peace Neighborhood Center","Promoting self-sufficiency and positive community involvement.","MI","1111 N Maple Rd",NA,"Ann Arbor",48103,"Active","Community Priorities",NA,"0011R0000277yoZ","0011R0000277yoZQAQ","Poverty & Economic Opportunity","Social Justice & Equity","Adolescence","Community Building","Families","Middle Childhood","Nutrition Accessibility",NA,NA,"1111 N Maple Rd, NA, Ann Arbor, MI, 48103",42.291657529907,-83.78102619377
"95","Business Organization","Children's Literacy Network","Children’s Literacy Network is a nonprofit 501(c) (3) grassroots organization founded in 1991 by a group of educators dedicated to promoting the benefits of literacy.","MI","1100 S Main St, Suite 207",NA,"Ann Arbor",48104,"Lead","Community Priorities",NA,"0011R000027TgSt","0011R000027TgStQAK","Literacy",NA,NA,NA,NA,NA,NA,NA,NA,"1100 S Main St, Suite 207, NA, Ann Arbor, MI, 48104",42.267244063442,-83.750623438391
"96","Business Organization","Hire MI Vets","Hire MI Vet is a non-profit community initiative that provides employment-related services to help open the doors to meaningful employment for Veterans and their families.","MI","PO Box 1892",NA,"Ann Arbor",48107,"Active","Community Priorities",NA,"0011R000027Tklg","0011R000027TklgQAC","Poverty & Economic Opportunity","Military Veterans and Service Members",NA,NA,NA,NA,NA,NA,NA,"PO Box 1892, NA, Ann Arbor, MI, 48107",42.27951,-83.74722
"97","Business Organization","Washtenaw Promise","Washtenaw Promise is a non-profit community action program to empower every child in our community to reach his or her full potential. We help to enhance communication between community organizations, schools and stakeholders. We help to build and manage sustainable partnerships among organizations now at work, and we take actions to fill gaps in opportunity, with new, data-driven programs.","MI","111 S. Wallace Blvd.",NA,"Ypsilanti",48197,"Active","Community Priorities",NA,"0011R000027TftF","0011R000027TftFQAS","Early Childhood",NA,NA,NA,NA,NA,NA,NA,NA,"111 S. Wallace Blvd., NA, Ypsilanti, MI, 48197",42.239230695292,-83.631152149118
"98","Business Organization","People's Express","People's Express (PEX) is a low cost public transportation service for select townships and cities in Washtenaw County and the surrounding area, and can transfer riders to a number of bus stops on the AAATA bus route. We are the driving force that enables low-income, disabled, and senior citizens to become more independent an an active part of their community.","MI","10 Jennings Rd",NA,"Whitmore Lake",48189,"Lead","Community Priorities",NA,"00136000011Xc7i","00136000011Xc7iAAC","Poverty & Economic Opportunity",NA,NA,NA,NA,NA,NA,NA,NA,"10 Jennings Rd, NA, Whitmore Lake, MI, 48189",42.415645323887,-83.761483870336
"99","Business Organization","Foster Closet of Michigan - Washtenaw County","Our organization provides clothing, underclothing, toys , shoes, baby equipment, gear and in some cases furniture to children placed in the foster care system in State of Michigan.","MI","7507 N Territorial Rd",NA,"Plymouth",48107,"Active","Community Priorities",NA,"00136000011Xc7j","00136000011Xc7jAAC","Poverty & Economic Opportunity","Specific Cultural Focus",NA,NA,NA,NA,NA,NA,NA,"7507 N Territorial Rd, NA, Plymouth, MI, 48107",42.366889972411,-83.616511981756
"100","Business Organization","Ann Arbor YMCA","The Ann Arbor YMCA is a charitable association of men, women and children joined by a shared commitment to nurturing the potential of children and teens, promoting healthy living, and supporting our neighbors.","MI","400 West Washington Street",NA,"Ann Arbor",48103,"Active","Community Priorities",NA,"00136000011XbrY","00136000011XbrYAAS","Health & Wellbeing",NA,NA,NA,NA,NA,NA,NA,NA,"400 West Washington Street, NA, Ann Arbor, MI, 48103",42.280935902279,-83.752950757627
"101","Business Organization","Child Care Network","Child Care Network is a non-profit organization whose mission has served the Michigan community since 1971 by helping families find care, helping families pay for care, and helping early learning professionals provide quality child care.","MI","3941 Research Park Dr",NA,"Ann Arbor",48108,"Active","Community Priorities",NA,"00136000011Xbra","00136000011XbraAAC","Early Childhood","Middle Childhood",NA,NA,NA,NA,NA,NA,NA,"3941 Research Park Dr, NA, Ann Arbor, MI, 48108",42.234052523148,-83.731056220704
"102","Business Organization","Dawn Farm","Dawn Farm is a Michigan addiction treatment center with an emphasis on the recovering community as the most important source of healing and recovery support for our clients. Dawn Farm is a a 501c(3) non-profit organization.","MI","6633 Stony Creek Road",NA,"Ypsilanti",48197,"Lead","Community Priorities",NA,"00136000011Xbrb","00136000011XbrbAAC","Mental Health & Substance Abuse",NA,NA,NA,NA,NA,NA,NA,NA,"6633 Stony Creek Road, NA, Ypsilanti, MI, 48197",42.190369857564,-83.633185347371
"103","Business Organization","Friends In Deed","For over 30 years, Friends in Deed has worked to help our neighbors in need by filling in the cracks of assistance offered by other organizations and nonprofits in the community.","MI","1196 Ecorse Road",NA,"Ypsilanti",48198,"Active","Community Priorities",NA,"00136000011Xbre","00136000011XbreAAC","Community Organizing & Advocacy","Poverty & Economic Opportunity",NA,NA,NA,NA,NA,NA,NA,"1196 Ecorse Road, NA, Ypsilanti, MI, 48198",42.234799979364,-83.587817039149
"104","Business Organization","Interfaith Hospitality Network of Washtenaw County at Alpha House","Alpha House is an emergency shelter for children and their families experiencing homelessness. We are located in Washtenaw County, Michigan.","MI","4290 Jackson Rd",NA,"Ann Arbor",48103,"Lead","Community Priorities",NA,"00136000011Xbrh","00136000011XbrhAAC","Poverty & Economic Opportunity","Housing Access and Affordability",NA,NA,NA,NA,NA,NA,NA,"4290 Jackson Rd, NA, Ann Arbor, MI, 48103",42.286347803793,-83.815423848022
"105","Business Organization","Northfield's Human Services","Located in Whitmore Lake MI, we service low-income individuals, families, and seniors with food and other basic necessities to help ease their burden of making it through these tough financial times. We also help our clients through other services.","MI","10 Jennings Rd",NA,"Whitmore Lake",48189,"Active","Community Priorities",NA,"00136000011Xbri","00136000011XbriAAC","Community Organizing & Advocacy","Poverty & Economic Opportunity",NA,NA,NA,NA,NA,NA,NA,"10 Jennings Rd, NA, Whitmore Lake, MI, 48189",42.415645323887,-83.761483870336
"106","Business Organization","Packard Health","Packard Health a community health center, promoting access to health and wellness for families in Washtenaw County.","MI","3174 Packard Road",NA,"Ann Arbor",48108,"Lead","Community Priorities",NA,"00136000011Xbrk","00136000011XbrkAAC","Health & Wellbeing",NA,NA,NA,NA,NA,NA,NA,NA,"3174 Packard Road, NA, Ann Arbor, MI, 48108",42.244527471366,-83.696571897574
"107","Business Organization","American Red Cross Southeastern Michigan Chapter","The American Red Cross, through its strong network of volunteers, donors and partners, is always there in times of need.","MI","4624 Packard Street",NA,"Ann Arbor",48108,"Active","Community Priorities",NA,"00136000011Xbrl","00136000011XbrlAAC","Disaster/Crisis Response","Health & Wellbeing",NA,NA,NA,NA,NA,NA,NA,"4624 Packard Street, NA, Ann Arbor, MI, 48108",42.244454758356,-83.66806973874
"108","Business Organization","UNIFIED- HIV Health and Beyond","UNIFIED is a nationally recognized multi-service center creating positive change through regional impact, innovation and sustainability to promote HV health and beyond.","MI","2287 Ellsworth Road, Suite B",NA,"Ypsilanti",48197,"Lead","Community Priorities",NA,"00136000011Xbrn","00136000011XbrnAAC","Health & Wellbeing","Mental Health & Substance Abuse",NA,NA,NA,NA,NA,NA,NA,"2287 Ellsworth Road, Suite B, NA, Ypsilanti, MI, 48197",42.22946250915,-83.645066276027
"109","Business Organization","United Way of Washtenaw County","UWWC connects people, resources and organizations together to create a thriving community for everyone. We're igniting a social movement in our community by empowering people to unite and solve complex problems that affect all of us.","MI","2305 Platt Rd",NA,"Ann Arbor",48104,"Active","Community Priorities",NA,"00136000011Xbro","00136000011XbroAAC","Community Organizing & Advocacy",NA,NA,NA,NA,NA,NA,NA,NA,"2305 Platt Rd, NA, Ann Arbor, MI, 48104",42.253530892662,-83.699917953322
"110","Business Organization","Washtenaw County Board of Commissioners","Elected city government","MI","220 NORTH MAIN STREET",NA,"Ann Arbor",48107,"Lead","Community Priorities",NA,"00136000011Xbrp","00136000011XbrpAAC","Civic Engagement",NA,NA,NA,NA,NA,NA,NA,NA,"220 NORTH MAIN STREET, NA, Ann Arbor, MI, 48107",42.282931675335,-83.748062934609
"111","Business Organization","Cancer Awareness and Resource Network","Cancer Awareness and Resource Network, known to many as CARN is a 501(c)(3) tax exempt nonprofit organization, that was created to bring a greater awareness to a greater population of people the signs, symptoms, the test and trials of cancer and to bring ready resources to those who have been diagnosed and have financial, emotional, spiritual and nutritional needs.","MI","3319 Greenfield #485",NA,"Dearborn",48120,"Lead","Community Priorities",NA,"00136000011Xbrx","00136000011XbrxAAC","Health & Wellbeing",NA,NA,NA,NA,NA,NA,NA,NA,"3319 Greenfield #485, NA, Dearborn, MI, 48120",42.306820476571,-83.188898797701
"112","Business Organization","Alzheimer's Association: Greater Michigan Chapter","The Alzheimer's Association is the leading voluntary health organization in Alzheimer's care, support and research.","MI","25200 Telegraph Rd",NA,"Southfield",48033,"Active","Community Priorities",NA,"0011R00002Dscja","0011R00002DscjaQAB","Health & Wellbeing",NA,NA,NA,NA,NA,NA,NA,NA,"25200 Telegraph Rd, NA, Southfield, MI, 48033",42.473250204918,-83.280837295242
"113","Business Organization","Authority Health","The Detroit Wayne County Health Authority strengthens the health network for underserved populations by promoting health insurance enrollment and navigation, primary care service expansion, and health workforce development. Its focus is on enhancing population health through linking existing health resources – Detroit Wayne County’s and Federal – and filling gaps with programs and services.","MI","3031 W Grand Blvd","Suite 450","Detroit",48202,"Lead","Community Priorities",NA,"0013600001nG1tA","0013600001nG1tAAAS","Health & Wellbeing",NA,NA,NA,NA,NA,NA,NA,NA,"3031 W Grand Blvd, Suite 450, Detroit, MI, 48202",42.37007224577,-83.076212323772
"114","Business Organization","Projects for Assistance in Transition from Homelessness","PATH services include community-based outreach, mental health, substance abuse, case management and other support services, as well as a limited set of housing services.","MI","110 North Fourth Avenue",NA,"Ann Arbor",48104,"Lead","Community Priorities",NA,"0013600001nG2SP","0013600001nG2SPAA0","Mental Health & Substance Abuse","Housing Access and Affordability",NA,NA,NA,NA,NA,NA,NA,"110 North Fourth Avenue, NA, Ann Arbor, MI, 48104",42.281836495866,-83.746915284426
"115","Business Organization","Scleroderma Foundation Upper Great Lakes Chapter","The Scleroderma Foundation is a federally qualified 501(c)(3) nonprofit dedicated to serving the needs of the scleroderma community.","MI","23999 Telegraph Rd",NA,"Southfield",48033,"Active","Community Priorities",NA,"0011R00002LilSC","0011R00002LilSCQAZ","Health & Wellbeing",NA,NA,NA,NA,NA,NA,NA,NA,"23999 Telegraph Rd, NA, Southfield, MI, 48033",42.464071518026,-83.280102621429
"116","Business Organization","Micah Community 6","A neighborhood based community organization that provides community gardens, tutoring, an affordable grocery store and have recently purchased a former school to rehab into a community center.","MI","32 Newberry Street",NA,"Pontiac",48341,"Active","Community Priorities",NA,"0011R00002h0fIr","0011R00002h0fIrQAI","Community Organizing & Advocacy","Nutrition Accessibility","Religious Affiliation",NA,NA,NA,NA,NA,NA,"32 Newberry Street, NA, Pontiac, MI, 48341",42.637795220426,-83.3168116693
"117","Business Organization","Baker Commons","Housing Property","MI","106 Packard St",NA,"Ann Arbor",48104,"Lead","Community Priorities",NA,"0013600001jAUl7","0013600001jAUl7AAG","Community Organizing & Advocacy","Health & Wellbeing","Mental Health & Substance Abuse","Housing Access and Affordability",NA,NA,NA,NA,NA,"106 Packard St, NA, Ann Arbor, MI, 48104",42.276219531091,-83.748484544339
"118","Business Organization","Huron River Watershed Council","We envision a future of clean and plentiful water for people and nature where citizens and government are effective and courageous champions for the Huron River and its watershed. To achieve this, we do the following: Work with a collaborative and inclusive spirit to give all partners the opportunity to become stewards; Generate science-based, trustworthy information for decision makers to ensure reliable supplies of clean water and resilient natural systems; and Passionately advocate for the health of the river and the lands around it.","MI","1100 N. Main, Suite 210",NA,"Ann Arbor",48104,"Active","Community Priorities",NA,"0013600001mtH8t","0013600001mtH8tAAE","Environment & Sustainability",NA,NA,NA,NA,NA,NA,NA,NA,"1100 N. Main, Suite 210, NA, Ann Arbor, MI, 48104",42.293239865589,-83.746684446813
"119","Business Organization","Friends of Parkside","The Friends of Parkside (FOP) is a not-for profit, community-based organization located on Detroit’s east side in Parkside Homes, a public housing complex. FOP was incorporated in March of 1991. FOP has up to a 15-member board of Directors consisting of Parkside residents, and representatives from community-based organizations, agencies, and institutions.","MI","5000 Conner","P O Box 13168","Detroit",48213,"Lead","Community Priorities",NA,"0013600001pIlbU","0013600001pIlbUAAS","Civic Engagement","Community Organizing & Advocacy",NA,NA,NA,NA,NA,NA,NA,"5000 Conner, P O Box 13168, Detroit, MI, 48213",42.389755636635,-82.975829226419
"120","Business Organization","Healthy Together West Willow Program","Healthy Together West Willow uses neighborhood level organizing to improve the quality of life for older adults living in the West Willow neighborhood. Provide an eligibility oriented healthcare program for low-income seniors through wellbeing checks, diabetes management, and exercise activities.","MI","2057 Tyler Road",NA,"Ypsilanti",48198,"Active","Community Priorities",NA,"0011R00002lcR9N","0011R00002lcR9NQAU","Community Organizing & Advocacy","Health & Wellbeing","Aging and Older Adults",NA,NA,NA,NA,NA,NA,"2057 Tyler Road, NA, Ypsilanti, MI, 48198",42.232269440886,-83.570499943369
"121","Business Organization","Washtenaw Interfaith Coalition for Immigrant Rights","The Washtenaw Interfaith Coalition for Immigrant Rights (WICIR) is a volunteer-based group of community members from Washtenaw County who are committed to advocating for immigrants rights. We work together in coalition because we understand that the oppression of one group of people endorses the oppression of any group of people, at anytime. Our immigrant population in Washtenaw County is currently being repeatedly raided by Immigration Customs and Enforcement (ICE).","MI","P.O. Box 980413",NA,"Ypsilanti",48198,"Lead","Community Priorities",NA,"0013600001pIlX3","0013600001pIlX3AAK","Community Organizing & Advocacy","Refugee and Immigrant Support",NA,NA,NA,NA,NA,NA,NA,"P.O. Box 980413, NA, Ypsilanti, MI, 48198",42.239435,-83.584198
"122","Business Organization","Jefferson East, Inc.","Community and Economic Development","MI","300 River Place Drive","Suite 5250","Detroit",48207,"Lead","Community Priorities",NA,"0013600001pIm1J","0013600001pIm1JAAS","Poverty & Economic Opportunity",NA,NA,NA,NA,NA,NA,NA,NA,"300 River Place Drive, Suite 5250, Detroit, MI, 48207",42.336422383011,-83.017101550017
"123","Business Organization","Detroit Equity Action Lab","Detroit Equity Action Lab (DEAL) Fellows are community experts working on the ground to fight structural racism in Detroit. 
 
 Media outreach and communications support for the entire DEAL network creates an ideal environment that not only increases in-depth media coverage of the issues, it strengthens the DEAL community’s media presence and capacity to create, shape and respond to media, while reaching broader audiences.","MI","471 W Palmer Ave",NA,"Detroit",48202,"Active","Community Priorities",NA,"0011R00002QJ80Y","0011R00002QJ80YQAT","Civic Engagement","Community Organizing & Advocacy","Social Justice & Equity","Specific Cultural Focus","Racial Justice",NA,NA,NA,NA,"471 W Palmer Ave, NA, Detroit, MI, 48202",42.360498896968,-83.070975897401
"124","Business Organization","HOPE Village Revitalization","Community and youth development corporation","MI","14030 La Salle Blvd",NA,"Detroit",48238,"Active","Community Priorities",NA,"0011R00002OcmCd","0011R00002OcmCdQAJ","Civic Engagement","Community Organizing & Advocacy","Health & Wellbeing","Arts","Housing Access and Affordability",NA,NA,NA,NA,"14030 La Salle Blvd, NA, Detroit, MI, 48238",42.39835488256,-83.121603766047
"125","Business Organization","The Cass Corridor Commons","Family-friendly, non-profit community and arts center and venue.","MI","4605 Cass Ave",NA,"Detroit",48201,"Lead","Community Priorities",NA,"0011R00002QdCkY","0011R00002QdCkYQAV","Civic Engagement","Community Organizing & Advocacy","Environment & Sustainability","Social Justice & Equity","Arts",NA,NA,NA,NA,"4605 Cass Ave, NA, Detroit, MI, 48201",42.353072279297,-83.065611060274
"126","Business Organization","Coalition for Re-envisioning Our Safety","CROS is a volunteer led multi-racial, diverse coalition of faith leaders, social workers, therapists, public health and health care workers, researchers, community builders, racial justice organizers, and activists. They share a common interest in transformative justice and creating care-based community safety practices as an alternate to unarmed response and 911.","MI",NA,NA,"Ann Arbor",NA,"Active","Community Priorities",NA,"0011R00002oDjzR","0011R00002oDjzRQAS","Mental Health & Substance Abuse","Criminal Legal System",NA,NA,NA,NA,NA,NA,NA,"NA, NA, Ann Arbor, MI, NA",42.2814189,-83.7484779
"127","Business Organization","Accounting Aid Society","Accounting Aid Society is a volunteer income tax assistance (VITA) program that’s been successfully offering tax and financial services to taxpayers and small businesses in Detroit and southeast Michigan for the past 45 years.","MI","3031 West Grand Boulevard",NA,"Detroit",48202,"Active","Community Priorities",NA,"0013600001WTaxd","0013600001WTaxdAAD","Poverty & Economic Opportunity",NA,NA,NA,NA,NA,NA,NA,NA,"3031 West Grand Boulevard, NA, Detroit, MI, 48202",42.37007224577,-83.076212323772
"128","Business Organization","Catholic Social Services of Washtenaw County","As a member of our community, we believe our work attains the greatest benefit when we join with our neighbors and colleagues to create a responsive, compassionate society where all are valued, honored and have the opportunity to thrive.","MI","4925 Packard Street",NA,"Ann Arbor",48108,"Active","Community Priorities",NA,"0013600001W64Ea","0013600001W64EaAAJ","Early Childhood","Mental Health & Substance Abuse","Poverty & Economic Opportunity","Aging and Older Adults","Middle Childhood",NA,NA,NA,NA,"4925 Packard Street, NA, Ann Arbor, MI, 48108",42.246014923903,-83.662360405392
"129","Business Organization","Rippling Hope Detroit","The ministry of Rippling Hope plans, leads, sponsors, and helps to resource Mission Trip Projects in a variety of settings around the country. These projects are available for individuals, congregations and other organizations (colleges, businesses, fraternities, sororities, and many more organizations).","MI","PO Box 27499",NA,"Detroit",48227,"Active","Community Priorities",NA,"0011R000028RaQS","0011R000028RaQSQA0","Disaster/Crisis Response","Housing Access and Affordability",NA,NA,NA,NA,NA,NA,NA,"PO Box 27499, NA, Detroit, MI, 48227",42.389226,-83.192558
"130","Business Organization","826 Michigan-Detroit","826michigan writing and tutoring programs uphold a culture of creativity and imagination and support students in establishing strong habits of mind.","MI","1351 Winder Street",NA,"Detroit",48207,"Active","Community Priorities",NA,"0013600001tpidn","0013600001tpidnAAA","Literacy","Middle Childhood","Adolescence",NA,NA,NA,NA,NA,NA,"1351 Winder Street, NA, Detroit, MI, 48207",42.345975992431,-83.040694009066
"131","Business Organization","Bailey Park Neighborhood Development Corporation","The Bailey Park Neighborhood Development Corporation (BPNDC), formally known at the Bailey Park Project, was founded in 2013 by Katrina Watkins, a former social worker, educator, and long-time resident of the McDougall-Hunt. Dedicated to empowering her community in an impactful manner, Katrina created the Bailey Park Neighborhood Development Corporation to help strengthen the McDougall-Hunt neighborhood by creating programs that encourage safety, sustainability, and stewardship. The Bailey Park Neighborhood Development Corporation began by initiating community clean-up projects – picking up trash, removing dead trees, and clearing overgrowth from vacant lots and parks.","MI","2200 Hunt St. #411",NA,"Detroit",48207,"Active","Community Priorities",NA,"0011R00002GIMcw","0011R00002GIMcwQAH","Community Organizing & Advocacy","Environment & Sustainability",NA,NA,NA,NA,NA,NA,NA,"2200 Hunt St. #411, NA, Detroit, MI, 48207",42.35040314605,-83.032842428904
"132","Business Organization","Ypsilanti Township Recreation & Parks Department","Programs offer youth & adult sports and enrichment programs, pre-school programs, arts & crafts, family events, '50 & Beyond' older adult programs, travel, health and fitness classes and much more!","MI","7200 S. Huron River Dr.",NA,"Ypsilanti",48197,"Active","Community Priorities",NA,"0013600001YiOaN","0013600001YiOaNAAV","Health & Wellbeing","Aging and Older Adults","Arts","Middle Childhood","Adolescence",NA,NA,NA,NA,"7200 S. Huron River Dr., NA, Ypsilanti, MI, 48197",42.21213246333,-83.614499067708
"133","Business Organization","Ypsilanti Township","Charter Township of Ypsilanti Government","MI","7200 S Huron River Dr",NA,"Ypsilanti",48197,"Lead","Community Priorities",NA,"0013600001YiOZy","0013600001YiOZyAAN","Civic Engagement",NA,NA,NA,NA,NA,NA,NA,NA,"7200 S Huron River Dr, NA, Ypsilanti, MI, 48197",42.21213246333,-83.614499067708
"134","Business Organization","Matrix Human Services","Matrix Human Services, a 501(c)3 organization, has served the Detroit community and surrounding areas for well over 100 years. The League of Catholic Women led the way in 1906 with a vision and mission to fight poverty. Today our mission remains the same as we continue to touch hearts and change lives in our community. With programs at more than 30 locations, Matrix Human Services serves more than 20,000 individuals and families each year.","MI","120 Parsons Street",NA,"Detroit",48201,"Lead","Community Priorities",NA,"0011R00002LPgva","0011R00002LPgvaQAD","Disaster/Crisis Response","Early Childhood","Poverty & Economic Opportunity","Middle Childhood","Housing Access and Affordability","Adolescence",NA,NA,NA,"120 Parsons Street, NA, Detroit, MI, 48201",42.348419987759,-83.059783039177
"135","Business Organization","HUDA Clinic","Healthcare clinic with full range of dental, podiatry, ophthalmology, and mental health services.","MI","13240 Woodrow Wilson St.",NA,"Detroit",48238,"Lead","Community Priorities",NA,"0011R000020Mo4h","0011R000020Mo4hQAC","Health & Wellbeing",NA,NA,NA,NA,NA,NA,NA,NA,"13240 Woodrow Wilson St., NA, Detroit, MI, 48238",42.396526202744,-83.110122486535
"136","Business Organization","Nido de Vida","Nido de Vida fosters the connection between our mutual well being and our relationship with nature through environmental stewardship, community development, and experiential education.","Pichincha","Coop. Unión Bolivarense, 170750",NA,"San Miguel de Los Bancos",NA,"Lead","Community Priorities",NA,"0011R000020MjOm","0011R000020MjOmQAK","Environment & Sustainability",NA,NA,NA,NA,NA,NA,NA,NA,"Coop. Unión Bolivarense, 170750, NA, San Miguel de Los Bancos, Pichincha, NA",-0.0775,-79.06771
"137","Business Organization","Detroit Ain't Violent It's Safe","Detroit Aint Violent Its Safe is a nonprofit organization linking people and neighborhoods together through creative community projects and civic engagement activities","MI","12074 Prairie St",NA,"Detroit",48204,"Active","Community Priorities",NA,"0011R000020MjOn","0011R000020MjOnQAK","Civic Engagement","Community Organizing & Advocacy","Education/Schooling","Environment & Sustainability",NA,NA,NA,NA,NA,"12074 Prairie St, NA, Detroit, MI, 48204",42.377196402465,-83.143227148402
"138","Business Organization","Joy Southfield CDC","In order to promote comprehensive neighborhood revitalization, Joy-Southfield provides the following programs and services:
 
  
 
 
 
 • Primary health care for the uninsured and insured*
 
 • Preventative health care
 
 • Community gardening & farmers market
 
 • Home ownership support
 
 • Home foreclosure prevention
 
 • Youth & family mentoring
 
 • Local economic development
 
 • Commercial facade improvement program
 
 
 
  
 
 
 
 We are dedicated to providing primary health care services through our partnership with Covenant Community Care and preventative health education programs to low-income and uninsured families and individuals.","MI","18917 Joy Road",NA,"Detroit",48228,"Lead","Community Priorities",NA,"0011R000020MjOo","0011R000020MjOoQAK","Early Childhood","Health & Wellbeing","Poverty & Economic Opportunity","Housing Access and Affordability",NA,NA,NA,NA,NA,"18917 Joy Road, NA, Detroit, MI, 48228",42.357471730727,-83.225417995465
"139","Business Organization","Willow Run Acres","We teach gardening and farming for all skill levels and offer basic, beginning, intermediate and advanced training. Provide consultations for individuals, groups, businesses and families.","MI","111 south wallace blvd",NA,"Ypsilanti",48197,"Active","Community Priorities",NA,"0011R000020MjQE","0011R000020MjQEQA0","Health & Wellbeing","Community Gardens and Farming",NA,NA,NA,NA,NA,NA,NA,"111 south wallace blvd, NA, Ypsilanti, MI, 48197",42.239230695292,-83.631152149118
"140","Business Organization","We the People Detroit","In 2008, We The People of Detroit (WPD) was co-founded by Chris Griffith, Aurora Harris, Monica Lewis-Patrick, Cecily McClellan, and Debra Taylor in response to Emergency Management over the city of Detroit and Detroit Public Schools. As a community-based grassroots organization, WPD aims to inform, educate, and empower Detroit residents on imperative issues surrounding civil rights, land, water, education, and the democratic process.","MI","P.O.Box 7033",NA,"Detroit",48207,"Lead","Community Priorities",NA,"0013600001mtH4S","0013600001mtH4SAAU","Community Organizing & Advocacy",NA,NA,NA,NA,NA,NA,NA,NA,"P.O.Box 7033, NA, Detroit, MI, 48207",42.3517549,-83.0254842
"141","Business Organization","American Heart Association, Midwest","To improve the lives of all Americans, we provide public health education in a variety of ways. We’re the nation’s leader in CPR education training. We help people understand the importance of healthy lifestyle choices. We provide science-based treatment guidelines to healthcare professionals to help them provide quality care to their patients. We educate lawmakers, policymakers and the public as we advocate for changes to protect and improve the health of our communities.","MI","27777 Franklin Rd","#1150","Southfield",48034,"Lead","Community Priorities",NA,"0013600001krLCo","0013600001krLCoAAM","Health & Wellbeing",NA,NA,NA,NA,NA,NA,NA,NA,"27777 Franklin Rd, #1150, Southfield, MI, 48034",42.489900101204,-83.298951258556
"142","Business Organization","Black Men Read","Black Men Read is a grassroots literacy program that seeks to: Uplift the voices of Black men by creating a space for them to read Black and African stories to any interested children in local schools and community spaces. To build engagement of Black families through an approach that centers children of color and stories in our programs. To normalize stories of Black and African peoples for all children. To complement traditional school curricula in ways that empower children to ‘see’ themselves and their culture’s contributions to society in the context of what they are learning. To increase empathy and understanding for the next generation of leaders and changemakers. Meets at Black Stone Bookstore and Cultural Center.","MI","214 W. Michigan Ave.",NA,"Ypsilanti",48197,"Active","Community Priorities",NA,"0013600001krLYG","0013600001krLYGAA2","Early Childhood","Middle Childhood","Specific Cultural Focus","Racial Justice",NA,NA,NA,NA,NA,"214 W. Michigan Ave., NA, Ypsilanti, MI, 48197",42.241313011498,-83.615324266076
"143","Business Organization","Southwest Detroit Environmental Vision","We work together with residents, community organizations, government agencies, schools, businesses, and industries to combat environmental issues, including indoor and outdoor air quality, blight, and incompatible land use.","MI","P.O. Box 9400",NA,"Detroit",48209,"Lead","Community Priorities",NA,"0013600001pIld6","0013600001pIld6AAC","Community Organizing & Advocacy","Environment & Sustainability",NA,NA,NA,NA,NA,NA,NA,"P.O. Box 9400, NA, Detroit, MI, 48209",42.311284,-83.113295
"144","Business Organization","Detroiters Working for Environmental Justice","DWEJ is dedicated to providing all Detroit residents with the tools they need to address environmental concerns in their own neighborhoods.","MI","4750 Woodward Ave.","Suite 415","Detroit",48201,"Active","Community Priorities",NA,"0013600001pIle9","0013600001pIle9AAC","Environment & Sustainability","Health & Wellbeing","Poverty & Economic Opportunity",NA,NA,NA,NA,NA,NA,"4750 Woodward Ave., Suite 415, Detroit, MI, 48201",42.355671884658,-83.063074528735
"145","Business Organization","Eastside Community Network","We work with residents and partners to drive lasting, positive change in our neighborhoods and communities. This positive transformation is achieved through resident engagement, multi-sector collaborations, advocacy, leadership development, and innovative approaches to land development.","MI","4401 CONNER STREET",NA,"Detroit",48215,"Lead","Community Priorities",NA,"0013600001pIlaC","0013600001pIlaCAAS","Community Organizing & Advocacy","Poverty & Economic Opportunity",NA,NA,NA,NA,NA,NA,NA,"4401 CONNER STREET, NA, Detroit, MI, 48215",42.386307363578,-82.970849537743
"146","Business Organization","NAMI","The National Alliance On Mental Illness (NAMI) is a United States-based advocacy group originally founded as a grassroots group by family members of people diagnosed with mental illness. The NAMI Washtenaw County chapter offers education programs, advocates for policy change, offers info and support, and leads public awareness events related to mental health.","MI","1100 N Main St.",NA,"Ann Arbor",48104,"Active","Community Priorities",NA,"0011R00002MCU56","0011R00002MCU56QAH","Health & Wellbeing","Social Justice & Equity",NA,NA,NA,NA,NA,NA,NA,"1100 N Main St., NA, Ann Arbor, MI, 48104",42.293239865589,-83.746684446813
"147","Business Organization","Brilliant Detroit","In 2015 Brilliant Detroit was created to provide a radically new approach to kindergarten readiness in neighborhoods. The idea was to create a unique delivery model in our approach to early childhood development by using underutilized housing stock to create early child and family centers in neighborhoods. Input was gathered and a model that is designed with, for, and by neighbors was built. Brilliant Detroit homes provide holistic services for kids 0-8 predicated on evidence-based programs around health, family support, and education. Brilliant Detroit was born to create kid success neighborhoods. Today, in each location, neighbors come together for fellowship, activities and learning to assure school readiness, and provide needed support for families.","MI","5675 Larkins Street",NA,"Detroit",48210,"Active","Community Priorities",NA,"0013600001Um457","0013600001Um457AAB","Early Childhood","Poverty & Economic Opportunity","Middle Childhood",NA,NA,NA,NA,NA,NA,"5675 Larkins Street, NA, Detroit, MI, 48210",42.338519535185,-83.136369913414
"148","Business Organization","Washtenaw Alliance for Children and Youth","The Washtenaw Alliance for Children and Youth (WACY) was founded in the spring of 2008 to serve as the coordinating entity and unified voice for youth-serving agencies and public system partners in Washtenaw County.","MI","P.O. Box 1406",NA,"Ann Arbor",48106,"Active","Community Priorities",NA,"0013600001Un7qc","0013600001Un7qcAAB","Early Childhood","Middle Childhood","Adolescence","Education/Schooling",NA,NA,NA,NA,NA,"P.O. Box 1406, NA, Ann Arbor, MI, 48106",42.2713356,-83.774816
"149","Business Organization","Keep Growing Detroit","Keep Growing Detroit operates a number of established and nationally recognized programs, including the Garden Resource Program (GRP) and Grown in Detroit (GID). Keep Growing Detroit’s strategic approach to achieving our mission facilitates beginner gardeners becoming engaged community leaders and food entrepreneurs, addressing the immediate needs of the community while promoting sustainable change in our food system.","MI","76 East Forest Avenue",NA,"Detroit",48201,"Lead","Community Priorities",NA,"0013600001Nka8C","0013600001Nka8CAAR","Environment & Sustainability","Community Gardens and Farming",NA,NA,NA,NA,NA,NA,NA,"76 East Forest Avenue, NA, Detroit, MI, 48201",42.355116876939,-83.061423377628
"150","Business Organization","Michigan College Access Network","Since our founding nearly a decade ago, the Michigan College Access Network has known that college changes everything, and perhaps even more critical to our mission is the notion that college is for everyone. We are proud to put forth a strategic plan that works to ensure that each and every student across Michigan has access to the knowledge, tools, and supports to make college a reality.","MI","200 N Washington Square","Suite 210","Lansing",48933,"Lead","Community Priorities",NA,"0013600001pIlUn","0013600001pIlUnAAK","Social Justice & Equity","Adolescence","Postsecondary Education",NA,NA,NA,NA,NA,NA,"200 N Washington Square, Suite 210, Lansing, MI, 48933",42.73484449961,-84.551856436092
"151","Business Organization","EcoWorks","EcoWorks is a Detroit based nonprofit with over thirty years of providing services at the intersection of community development and sustainability.","MI","22400 W. Seven Mile Rd.",NA,"Detroit",48291,"Lead","Community Priorities",NA,"0013600001pIm2g","0013600001pIm2gAAC","Environment & Sustainability","Poverty & Economic Opportunity",NA,NA,NA,NA,NA,NA,NA,"22400 W. Seven Mile Rd., NA, Detroit, MI, 48291",42.429441056414,-83.263792527497
"152","Business Organization","Southwest Housing Solutions","We provide a broad range of programs in the areas of
 
 human development, economic development, and community engagement. These three areas
 
 together form a comprehensive neighborhood revitalization strategy and effort that impacts
 
 more than 10,000 people a year","MI","1920 25th St",NA,"Detroit",48216,"Active","Community Priorities",NA,"0013600001pImQJ","0013600001pImQJAA0","Poverty & Economic Opportunity","Housing Access and Affordability",NA,NA,NA,NA,NA,NA,NA,"1920 25th St, NA, Detroit, MI, 48216",42.323613996768,-83.087990993209
"153","Business Organization","Clark Park","Surrounded by historic homes, schools, busy shops and local services, Clark Park serves as the ""town square"" of a thriving area in southwest Detroit. It regularly hosts festivals, concerts and special events for the most ethnically diverse community in the City, while serving as a popular meeting place for family picnics and gatherings. Year-round activities are regularly enjoyed by the neighborhood's youth.
 
 
 
 An oasis of nature in the middle of the city, Clark Park was staffed by the Detroit Recreation Department until 1991 when it was closed due to the City's financial crisis. Concerned citizens succeeded in forming a nonprofit to partner with the City of Detroit's Recreation Department, resulting in a successful public-private collaboration.
 
 
 
 Today, Clark Park remains the community's anchor, providing four seasons worth of programming for more than 1,200 youth. It operates the only regulation-sized outdoor ice hockey rink in Metro Detroit, and provides free lunches daily, to","MI","1130 Clark Street",NA,"Detroit",48209,"Active","Community Priorities",NA,"0011R00002QITo5","0011R00002QITo5QAH","Civic Engagement","Community Organizing & Advocacy","Early Childhood","Health & Wellbeing","Middle Childhood",NA,NA,NA,NA,"1130 Clark Street, NA, Detroit, MI, 48209",42.315952350533,-83.09150041225
"154","Business Organization","Detroit Black Community Food Security Network","Love: Love is the force that motivates our work. We love and are committed to black people in particular and humanity in general. We love and are committed to Detroit. We are striving to create healthy individuals, relationships, and communities.
 
  
 
 African Self-Determination: We believe in and work to promote self-reliance, collective work, cooperative economics, and self-governance among African people. Towards those ends, we value and encourage initiative and purposeful work, be it manual or intellectual.
 
  
 
 Integrity: We are working on behalf of our communities. In our organizational practices, we therefore strive to create transparency and a culture of critique. We are committed to acting in a manner that is principled and honest.
 
  
 
 Justice: We believe in and work to promote racial equality, class-consciousness and gender equality. We are committed to fighting injustice and building community models of justice. We uphold good food as a human right.
 
  
 
 Respect for Life an","MI","11000 W, McNichols, Suite 103",NA,"Detroit",48221,"Active","Community Priorities",NA,"0011R00002QIVJV","0011R00002QIVJVQA5","Community Organizing & Advocacy","Environment & Sustainability","Health & Wellbeing","Specific Cultural Focus",NA,NA,NA,NA,NA,"11000 W, McNichols, Suite 103, NA, Detroit, MI, 48221",42.416949338474,-83.169562585265
"155","Business Organization","Ann Arbor Housing Commission","Ann Arbor Housing Commission (AAHC) seeks to provide desirable housing and related supportive services for low-income individuals and families on a transitional and/or permanent basis. AAHC partners with housing and service providers to build healthy residential communities and promote an atmosphere of pride and responsibility.​","MI","727 Miller Ave",NA,"Ann Arbor",48103,"Active","Community Priorities",NA,"0013600001BACZo","0013600001BACZoAAP","Poverty & Economic Opportunity","Housing Access and Affordability",NA,NA,NA,NA,NA,NA,NA,"727 Miller Ave, NA, Ann Arbor, MI, 48103",42.284750254957,-83.756826382017
"156","Business Organization","Haiti Nursing Foundation","HNF’s vision is to support centers of excellence for undergraduate, graduate, and continuing education for nurses, preparing them to serve as practitioners, faculty, and leaders in Haiti's healthcare system.","MI","3135 South State Street",NA,"Ann Arbor",48108,"Lead","Community Priorities",NA,"0013600001NkdVX","0013600001NkdVXAAZ","Health & Wellbeing",NA,NA,NA,NA,NA,NA,NA,NA,"3135 South State Street, NA, Ann Arbor, MI, 48108",42.2413751214,-83.737584382173
"157","Business Organization","Fair Food Network","At Fair Food Network, we develop solutions that work across the food system to support farmers, strengthen local economies, and increase access to healthy food — especially in low-income communities.","MI","205 E. Washington Street, Suite B","Ann Arbor MI 48104","Ann Arbor",48104,"Lead","Community Priorities",NA,"0013600001PrnZl","0013600001PrnZlAAJ","Environment & Sustainability","Poverty & Economic Opportunity","Food Justice","Nutrition Accessibility",NA,NA,NA,NA,NA,"205 E. Washington Street, Suite B, Ann Arbor MI 48104, Ann Arbor, MI, 48104",42.280633902308,-83.746921403216
"158","Business Organization","Belle Isle Nature Center","The Belle Isle Nature Center is committed to increasing environmental awareness by providing educational programs to the community, students and teachers that address conservation, water quality and protection, and preserving nature.
 
 The Belle Isle Nature Center is dedicated to providing assistance in the development of our youth through career awareness programs for K-12 students and their teachers; Professional development activities for teachers; Community projects addressing environmental stewardship; Educational field trips and outreach programs for schools and community groups","MI","176 Lakeside Drive",NA,"Detroit",48207,"Lead","Community Priorities",NA,"0011R00002FJi8M","0011R00002FJi8MQAT","Environment & Sustainability","Middle Childhood","Adolescence",NA,NA,NA,NA,NA,NA,"176 Lakeside Drive, NA, Detroit, MI, 48207",42.346887147216,-82.963732631395
"159","Business Organization","Families Against Narcotics","Founded in 2007, Families Against Narcotics is a grass roots organization based in Macomb County, Michigan. A safe place where people can face and learn about addiction from others who have had similar experiences. 
 
 
 
 FAN offers over 34 monthly support meetings across the state and we currently have 22 chapters in Michigan and we launched our first out of state chapter in Madison North Carolina in the fall of 2017.","MI","2/42 Community Church 648 Wagner Rd",NA,"Ann Arbor",48103,"Lead","Community Priorities",NA,"0011R0000261j4S","0011R0000261j4SQAQ","Community Organizing & Advocacy","Mental Health & Substance Abuse",NA,NA,NA,NA,NA,NA,NA,"2/42 Community Church 648 Wagner Rd, NA, Ann Arbor, MI, 48103",42.2734087,-83.7921269
"160","Business Organization","City of Detroit Planning & Development Department","The City of Detroit’s Planning and Development Department (PDD) aims to build a city secure in its future, grounded in its roots and hopeful in its present state. The vision of PDD’s mission is a healthy and beautiful Detroit, built on inclusionary growth, economic opportunity and an atmosphere of trust.","MI","Coleman A. Young Municipal Center 2 Woodward Avenue - Suite 808 D",NA,"Detroit",48226,"Lead","Community Priorities",NA,"0011R00002MdIYP","0011R00002MdIYPQA3","Poverty & Economic Opportunity","Criminal Legal System",NA,NA,NA,NA,NA,NA,NA,"Coleman A. Young Municipal Center 2 Woodward Avenue - Suite 808 D, NA, Detroit, MI, 48226",42.3295345,-83.0438376
"161","Business Organization","Office of Migrant Affairs","The Office of Migrant Affairs enhances the delivery of MDHHS services to farmworkers and their families by:
 
 
 
 Analyzing, recommending and advocating for improvements in the department’s program policies and procedures.
 
 Coordinating the allocation, recruitment, testing, hiring, and training of MDHHS bilingual (English/Spanish) migrant program staff.
 
 Advocating for farmworkers.","MI","n/a",NA,"Lansing",NA,"Lead","Community Priorities",NA,"0011R00002ICMD7","0011R00002ICMD7QAP","Community Organizing & Advocacy","Refugee and Immigrant Support",NA,NA,NA,NA,NA,NA,NA,"n/a, NA, Lansing, MI, NA",42.733625,-84.553927
"162","Business Organization","Detroit Cultivator Community Land Trust","Group of stakeholders in Detroit working to create a land trust to keep land in the community. Oakland Avenue Urban Farm, along with supporters from inside and outside neighborhood, is driving this work. As of 10/15/19 haven't officially formed a non-profit. Associated with Oakland Ave Urban Farm (http://www.oaklandurbanfarm.org/)","MI","607 Kenilworth Street",NA,"Detroit",48202,"Active","Community Priorities",NA,"0011R00002K6XBZ","0011R00002K6XBZQA3","Environment & Sustainability","Housing Access and Affordability",NA,NA,NA,NA,NA,NA,NA,"607 Kenilworth Street, NA, Detroit, MI, 48202",42.387463060388,-83.075045311393
"163","Business Organization","The Women's Center of Southeastern Michigan","Long-term volunteers facilitate our divorce-related financial and family law education, resource navigation, mother-and-infant group, and job and financial coaching. Graduate interns, under the guidance of a nine-person supervisory team, offer sliding-fee counseling and connections to women-friendly services.","MI","1100 Victors Way, #10",NA,"Ann Arbor",48108,"Active","Community Priorities",NA,"0011R00002SuJoP","0011R00002SuJoPQAV","Mental Health & Substance Abuse","Poverty & Economic Opportunity","Social Justice & Equity","Women and Girls",NA,NA,NA,NA,NA,"1100 Victors Way, #10, NA, Ann Arbor, MI, 48108",42.239346994199,-83.733314221601
"164","Business Organization","City of Ann Arbor: Natural Area Preservation","Natural Area Preservation (NAP) works to protect and restore Ann Arbor’s natural areas and to foster an environmental ethic among its citizens. This involves conducting plant and animal inventories, ecological monitoring, and stewardship projects in Ann Arbor parks. These tasks are performed by both staff and volunteers.","MI","3875 E. Huron River Drive",NA,"Ann Arbor",48104,"Active","Community Priorities",NA,"001360000175xBf","001360000175xBfAAI","Environment & Sustainability",NA,NA,NA,NA,NA,NA,NA,NA,"3875 E. Huron River Drive, NA, Ann Arbor, MI, 48104",42.265637084965,-83.683907260971
"165","Business Organization","The Farm at St. Joe's","The Farm at St. Joe's benefits the patients, staff, and visitors of SJMHS through the production of fresh produce on the hospital grounds.","MI","5557 McAuley Drive",NA,"Ypsilanti",48197,"Lead","Community Priorities",NA,"0011R00002NLhjM","0011R00002NLhjMQAT","Health & Wellbeing","Community Gardens and Farming","Nutrition Accessibility",NA,NA,NA,NA,NA,NA,"5557 McAuley Drive, NA, Ypsilanti, MI, 48197",42.260913379612,-83.648188032046
"166","Business Organization","Old Fourth Ward Association, Ann Arbor Historical Foundation","The Ann Arbor Old Fourth Ward Historic Neighborhood Association represents the Historic Districts and residents in our near-downtown neighborhood, including the Old Fourth Ward and the Ann Street Historic Districts.","MI","n/a",NA,"Ann Arbor",NA,"Lead","Community Priorities",NA,"0011R00002OZPNN","0011R00002OZPNNQA5","Community Organizing & Advocacy",NA,NA,NA,NA,NA,NA,NA,NA,"n/a, NA, Ann Arbor, MI, NA",42.2814189,-83.7484779
"167","Business Organization","Michigan Alliance for Timebanks","TimeBanks create communities where people want to live, and TimeBanks add both intrinsic and monetary value to the communities where they exist.","MI","27580 California Drive SE",NA,"Lathrup Villlage",48076,"Active","Community Priorities",NA,"0011R00002B5VfP","0011R00002B5VfPQAV","Community Organizing & Advocacy",NA,NA,NA,NA,NA,NA,NA,NA,"27580 California Drive SE, NA, Lathrup Villlage, MI, 48076",42.491640938675,-83.219040792072
"168","Business Organization","Healthy Dearborn (Beaumont Health)","Healthy Dearborn is a robust coalition of more than 200 community residents, businesses, employees, elected and civic leaders. Beaumont Health, City of Dearborn and Dearborn Public Schools are partnering with community members to create a culture of health in Dearborn through active living and healthy eating.","MI","n/a",NA,"Dearborn",NA,"Lead","Community Priorities",NA,"0011R00002ICLNv","0011R00002ICLNvQAP","Health & Wellbeing","Nutrition Accessibility",NA,NA,NA,NA,NA,NA,NA,"n/a, NA, Dearborn, MI, NA",42.322141,-83.17594
"169","Business Organization","Methodist Children's Home Society","Methodist Children's Home Society offers residential care, therapy, health and wellness, and education services to children impacted by trauma.","MI","26645 W. Six Mile Rd.",NA,"Redford",48240,"Lead","Community Priorities",NA,"0011R00002ICNID","0011R00002ICNIDQA5","Community Organizing & Advocacy","Aging and Older Adults",NA,NA,NA,NA,NA,NA,NA,"26645 W. Six Mile Rd., NA, Redford, MI, 48240",42.40677530058,-83.307277757352
"170","Business Organization","Michigan Prison Doula Initiative","MPDI supports incarcerated people before, during and after birth.","MI","PO Box 7252",NA,"Ann Arbor",48107,"Active","Community Priorities",NA,"0011R00002ICMP8","0011R00002ICMP8QAP","Health & Wellbeing","Criminal Legal System","Women and Girls",NA,NA,NA,NA,NA,NA,"PO Box 7252, NA, Ann Arbor, MI, 48107",42.27951,-83.74722
"171","Business Organization","Neighborhood Services Organization","NSO provides critical services, outreach and assistance to children, youth, adults, and families. We work to empower our community’s most vulnerable neighbors and provide healthy and enriching opportunities. Consumers have the power to choose the lives they wish to lead and to help our community strengthen and grow. We work to create healthy communities, new opportunities and provide supportive services for those who need them the most.","MI","882 Oakman Blvd.",NA,"Detroit",48238,"Lead","Community Priorities",NA,"0011R00002ICNNr","0011R00002ICNNrQAP","Health & Wellbeing","Mental Health & Substance Abuse","Aging and Older Adults","Housing Access and Affordability",NA,NA,NA,NA,NA,"882 Oakman Blvd., NA, Detroit, MI, 48238",42.402902777494,-83.114053263848
"172","Business Organization","Ruth Ellis Center","Building Positive Futures with Lesbian, Gay, Bi-Attractional, Transgender, and Questioning Young People Experiencing Systemic and Interpersonal Barriers to Housing, Health, and Wellness.","MI","77 Victor Street",NA,"Highland Park",48203,"Lead","Community Priorities",NA,"0011R00002JkrCR","0011R00002JkrCRQAZ","Health & Wellbeing","Housing Access and Affordability","Specific Cultural Focus",NA,NA,NA,NA,NA,NA,"77 Victor Street, NA, Highland Park, MI, 48203",42.407474477034,-83.094996504064
"173","Business Organization","Ballmer Group","The Ballmer Group supports efforts to improve economic mobility for children and families in the United States who are disproportionately likely to remain in poverty.","MI",NA,NA,"Detroit",NA,"Lead","Community Priorities",NA,"0011R00002JkrpJ","0011R00002JkrpJQAR","Poverty & Economic Opportunity",NA,NA,NA,NA,NA,NA,NA,NA,"NA, NA, Detroit, MI, NA",42.3329407,-83.0478365
"174","Business Organization","Voters Not Politicians","Voters Not Politicians is a 501(c)(4) organization dedicated to strengthening democracy in Michigan by engaging citizens in projects and initiatives across the state. Their platform supports free and fair elections, direct democracy, government accountability, ethics and transparency in government, ending corruptive influence and an independent judiciary.","MI","PO Box 16180",NA,"Lansing",48901,"Active","Community Priorities",NA,"0011R00002J5JB8","0011R00002J5JB8QAN","Civic Engagement",NA,NA,NA,NA,NA,NA,NA,NA,"PO Box 16180, NA, Lansing, MI, 48901",42.732659,-84.556047
"175","Business Organization","Epiphany Education Center","Epiphany Education Center provides free after-school tutoring, individualized learning and enrichment opportunities to Detroit youth grades one through eight.","MI","5555 Conner Ave",NA,"Detroit",48213,"Active","Community Priorities",NA,"0011R00002J5JIW","0011R00002J5JIWQA3","Literacy","Middle Childhood","Religious Affiliation","Tutoring",NA,NA,NA,NA,NA,"5555 Conner Ave, NA, Detroit, MI, 48213",42.389736483986,-82.981275032731
"176","Business Organization","The Justice Collaborative (inactive)","The Justice Collaborative is a policy and media organization made up of a team of legal experts, researchers, journalists, and media strategists working across a collection of strategically aligned projects that share the common goal of bringing human dignity and restraint to the flawed criminal justice system. Their work empowers, educates, and supports a community of leaders, problem-solvers, and allies, both outside the system advocating for change and inside reform-minded offices determining the fates of individual people thousands of times every day.","CA","1014 Torney Avenue",NA,"San Francisco",94129,"Active","Community Priorities",NA,"0011R00002J5JFy","0011R00002J5JFyQAN","Community Organizing & Advocacy","Criminal Legal System",NA,NA,NA,NA,NA,NA,NA,"1014 Torney Avenue, NA, San Francisco, CA, 94129",37.800309680309,-122.452186151618
"177","Business Organization","Osborn Neighborhood Alliance","Osborn Neighborhood Alliance (ONA) advocates, builds capacity, and works as a partner with residents to make Osborn a community of choice.","MI","13560 E McNichols Rd",NA,"Detroit",48277,"Lead","Community Priorities",NA,"0011R00002JjLlM","0011R00002JjLlMQAV","Community Organizing & Advocacy",NA,NA,NA,NA,NA,NA,NA,NA,"13560 E McNichols Rd, NA, Detroit, MI, 48277",42.426549760823,-82.984477841754
"178","Business Organization","Washtenaw County Parks and Recreation",NA,"MI","2230 Platt Rd",NA,"Ann Arbor",48104,"Active","Community Priorities",NA,"0011R00002oGM51","0011R00002oGM51QAG","Environment & Sustainability","Not Otherwise Classified",NA,NA,NA,NA,NA,NA,NA,"2230 Platt Rd, NA, Ann Arbor, MI, 48104",42.255009921386,-83.70234635831
"179","Business Organization","Manistique Community Treehouse Center","Brick and mortar as well as virtual programing community built to offer personal, and professional, volunteer and career services in an inclusive way.","MI","259 Manistique Street",NA,"Detroit",48215,"Active","Community Priorities",NA,"0011R00002oFUix","0011R00002oFUixQAG","Community Building","Community Gardens and Farming","Disability Safety and Rights",NA,NA,NA,NA,NA,NA,"259 Manistique Street, NA, Detroit, MI, 48215",42.363144938072,-82.934291950862
"180","Business Organization","Ozone House","Ozone House provides shelter services to youth who need shelter, housing, counseling, life skills training, or a hot meal.","MI","1705 Washtenaw",NA,"Ann Arbor",48104,"Active","Community Priorities",NA,"0013600000uqED7","0013600000uqED7AAM","Housing Access and Affordability","Adolescence","Housing Access and Affordability","LGBTQIA2S+ Safety and Rights",NA,NA,NA,NA,NA,"1705 Washtenaw, NA, Ann Arbor, MI, 48104",42.271494694181,-83.726214079059
"181","Business Organization","Bright Futures (EMU)","We welcome the strong collaborations we have with Eastern Michigan University, the University of Michigan, local artists, and the non-profit and business worlds.","MI","203 Boone Hall",NA,"Ypsilanti",48197,"Active","Community Priorities",NA,"0011R000029Y10W","0011R000029Y10WQAS","Middle Childhood","Adolescence","Tutoring",NA,NA,NA,NA,NA,NA,"203 Boone Hall, NA, Ypsilanti, MI, 48197",42.246,-83.6229
"182","Business Organization","Michigan Collaborative to End Mass Incarceration","The Michigan Collaborative to End Mass Incarceration is a broad-based, statewide, non-partisan collaboration representing non-profit, faith-based, advocacy, grassroots, and service organizations united to end mass incarceration in Michigan.","MI","1223 Turner St.","Suite G1","Lansing",48906,"Active","Community Priorities",NA,"0011R00002h25RN","0011R00002h25RNQAY","Criminal Legal System",NA,NA,NA,NA,NA,NA,NA,NA,"1223 Turner St., Suite G1, Lansing, MI, 48906",42.747680001309,-84.549688037741
"183","Business Organization","Dollars for Scholars","Detroit Regional Dollars for Scholars helps students throughout Southeast Michigan achieve the dream of higher education through scholarships and academic support.","Mi","100 Renaissance Center",NA,"Detroit",48243,"Active","Community Priorities",NA,"0011R00002Dsb14","0011R00002Dsb14QAB","Adolescence",NA,NA,NA,NA,NA,NA,NA,NA,"100 Renaissance Center, NA, Detroit, Mi, 48243",42.32905292992,-83.039770658612
"184","Business Organization","Ann Arbor Summer Festival","Ann Arbor Summer Festival produces two concurrent programs, one indoor and one outdoor, at various venues and spaces across the University of Michigan campus and in downtown Ann Arbor. Programs include KidZone, Retreat, Bike Nights, Educational Activities and more.","MI","210 Huronview Boulevard",NA,"Ann Arbor",48103,"Active","Community Priorities",NA,"0011R00002dnHlA","0011R00002dnHlAQAU","Arts",NA,NA,NA,NA,NA,NA,NA,NA,"210 Huronview Boulevard, NA, Ann Arbor, MI, 48103",42.298930213926,-83.748152537154
"185","Business Organization","Art Reach of Mid Michigan","Art Reach of Mid Michigan strives to provide equal opportunity for individuals to participate in its programs, activities, services and employment.","MI","111 E Broadway St",NA,"Mt. Pleasant",48858,"Active","Community Priorities",NA,"0011R00002EOVrW","0011R00002EOVrWQAX","Arts",NA,NA,NA,NA,NA,NA,NA,NA,"111 E Broadway St, NA, Mt. Pleasant, MI, 48858",43.604689325953,-84.776120541979
"186","Business Organization","A Brighter Way","ABW supports people returning from incarceration in Washtenaw County by providing effective mentoring and social support for our participants.","MI","2122 Packard St",NA,"Ann Arbor",48104,"Active","Community Priorities",NA,"0013600000uqEDI","0013600000uqEDIAA2","Criminal Legal System",NA,NA,NA,NA,NA,NA,NA,NA,"2122 Packard St, NA, Ann Arbor, MI, 48104",42.256229991213,-83.727175986267
"187","Business Organization","Germany Ballintyn Education Foundation","Foundation seeking to support first generation college students in STEM fields.","MI",NA,NA,"Traverse City",NA,"Active","Community Priorities",NA,"0011R00002a35Ac","0011R00002a35AcQAI","Adolescence","STEM Education and Outreach",NA,NA,NA,NA,NA,NA,NA,"NA, NA, Traverse City, MI, NA",44.759092,-85.605469
"188","Business Organization","WonderFool Productions","WonderFool Productions – a nonprofit arts organization – engages communities in dynamic, educational, collaborative and entertaining public art experiences. We bring together organizations, schools, businesses, and individual artists to create free and uniquely vibrant art events and workshops in the Ann Arbor and Ypsilanti communities. Our events celebrate diversity, connect people of all ages, and build community through shared creative experiences.","MI","P.O. Box 7616",NA,"Ann Arbor",48107,"Lead","Community Priorities",NA,"0013600000xtW9l","0013600000xtW9lAAE","Arts",NA,NA,NA,NA,NA,NA,NA,NA,"P.O. Box 7616, NA, Ann Arbor, MI, 48107",42.27951,-83.74722
"189","Business Organization","Community Participatory Defense Team - Washtenaw","Small group community organizers working to help incarcerated individuals get free.","MI",NA,NA,"Ann Arbor",NA,"Active","Community Priorities",NA,"0011R00002oDkTJ","0011R00002oDkTJQA0","Criminal Legal System",NA,NA,NA,NA,NA,NA,NA,NA,"NA, NA, Ann Arbor, MI, NA",42.2814189,-83.7484779
"190","Business Organization","Washtenaw Housing Alliance","The Washtenaw Housing Alliance is a unique coalition of over 30 non-profit and government entities that are committed to ending homelessness in our community. The WHA facilitates, encourages, and monitors this work by providing training and technical assistance to providers to support innovation and best practices, advocating for the needs of people experiencing homelessness or at-risk of homelessness, and supporting the development of more permanently affordable housing.","MI","PO Box 7993",NA,"Ann Arbor",48107,"Active","Community Priorities",NA,"0013600001a48pO","0013600001a48pOAAQ","Housing Access and Affordability",NA,NA,NA,NA,NA,NA,NA,NA,"PO Box 7993, NA, Ann Arbor, MI, 48107",42.27951,-83.74722
"191","Business Organization","Wellspring Detroit","Wellspring is a faith-based youth development organization located in Brightmoor/Old Redford neighborhood of northwest Detroit. 
 
 
 
 Programs and Activities:
 
 
 
 Academic & Youth Development Program
 
 Teen Discipleship Group
 
 Summer Employment Program
 
 Community Support","MI","16742 Lamphere",NA,"Detroit",48219,"Lead","Community Priorities",NA,"0011R000025PxM2","0011R000025PxM2QAK","Adolescence",NA,NA,NA,NA,NA,NA,NA,NA,"16742 Lamphere, NA, Detroit, MI, 48219",42.412093324779,-83.261899139388
"192","Business Organization","Upward Bound (EMU)","EMU Upward Bound is a Federally-funded pre-college academic program designed to provide students from Ypsilanti Community High School with the academic skills enhancement and motivation necessary to obtain a college degree.","MI","201 Boone Hall",NA,"Ypsilanti",48197,"Lead","Community Priorities",NA,"0011R000026305w","0011R000026305wQAA","Adolescence",NA,NA,NA,NA,NA,NA,NA,NA,"201 Boone Hall, NA, Ypsilanti, MI, 48197",42.246,-83.6229
"193","Business Organization","Big Brothers Big Sisters of Southeast Michigan","When kids have the influence of a caring adult, they are more likely to avoid risky behaviors and to focus on academics. Today's young people face a variety of challenges, and being matched with a Big Brother or Big Sister can help them navigate these challenges and reach their potential.","MI","11 W. Michigan Ave",NA,"Ypsilanti",48197,"Active","Community Priorities",NA,"0013600001JNNgy","0013600001JNNgyAAH","Middle Childhood","Adolescence","Mentoring",NA,NA,NA,NA,NA,NA,"11 W. Michigan Ave, NA, Ypsilanti, MI, 48197",42.24075880006,-83.612456649361
"194","Business Organization","McFarlan Villages","Affordable Senior Housing","MI","700 E. Kearsley Street",NA,"Flint",48503,"Lead","Community Priorities",NA,"0013600001nG25G","0013600001nG25GAAS","Aging and Older Adults","Housing Access and Affordability",NA,NA,NA,NA,NA,NA,NA,"700 E. Kearsley Street, NA, Flint, MI, 48503",43.02022001381,-83.683380961271
"195","Business Organization","Habitat for Humanity of Huron Valley","Habitat for Humanity of Huron Valley makes affordable homeownership achievable for low-income, hard working families. Our program is centered on the idea of a hand-up, not a hand-out, that is to say, giving families the opportunity to work hard to purchase a home with a no profit mortgage. This makes owning a decent, safe, affordable home attainable to families that otherwise could not purchase their own home.","MI","170 Aprill Drive",NA,"Ann Arbor",48103,"Active","Community Priorities",NA,"0013600000x2oG6","0013600000x2oG6AAI","Housing Access and Affordability",NA,NA,NA,NA,NA,NA,NA,NA,"170 Aprill Drive, NA, Ann Arbor, MI, 48103",42.282428006773,-83.808333679944
"196","Business Organization","Detroit Historical Society","Since its founding in 1921, the Detroit Historical Society has been dedicated to ensuring that the history of our region is preserved so that current and future generations of metro Detroiters can better understand the people, places and events that helped shape our lives. The vision is to be an integral part of Detroit's present and future by providing meaningful experiences that preserve and share its past.","MI","5401 Woodward",NA,"Detroit",48202,"Active","Community Priorities",NA,"0011R000027SL3k","0011R000027SL3kQAG","Arts",NA,NA,NA,NA,NA,NA,NA,NA,"5401 Woodward, NA, Detroit, MI, 48202",42.359775371086,-83.067216194732
"197","Business Organization","Ann Arbor Academy","Ann Arbor Academy is a private, co-educational day school for students with learning differences in grades four through twelve. We are dedicated to helping students, particularly those with AD/HD, autism spectrum disorder, and language based learning disabilities build a foundation for academic and social success.","MI","1153 Oak Valley Drive",NA,"Ann Arbor",48108,"Active","Community Priorities",NA,"00136000011XbrX","00136000011XbrXAAS","Middle Childhood","Adolescence","Education/Schooling",NA,NA,NA,NA,NA,NA,"1153 Oak Valley Drive, NA, Ann Arbor, MI, 48108",42.232485442531,-83.752320941422
"198","Business Organization","Area Agency on Aging 1-B","The Area Agency on Aging 1-B (AAA 1-B) is a nonprofit 501(c) 3 organization with a 40+ year history of serving older adults and people with disabilities in southeast Michigan.","MI","3941 Research Park Drive, Suite B",NA,"Ann Arbor",48108,"Active","Community Priorities",NA,"00136000011XbrZ","00136000011XbrZAAS","Aging and Older Adults",NA,NA,NA,NA,NA,NA,NA,NA,"3941 Research Park Drive, Suite B, NA, Ann Arbor, MI, 48108",42.234052523148,-83.731056220704
"199","Business Organization","Whitmore Lake Foundation for Educational Excellence","The Whitmore Lake Foundation for Educational Excellence (""WLFEE"") is a non-profit corporation created in 2006 by volunteer parents, residents, teachers and former school board members in and around the Whitmore Lake Public Schools District.","MI","8845 Main Street",NA,"Whitmore Lake",48189,"Lead","Community Priorities",NA,"00136000011Xbrj","00136000011XbrjAAC","Middle Childhood","Adolescence",NA,NA,NA,NA,NA,NA,NA,"8845 Main Street, NA, Whitmore Lake, MI, 48189",42.41390683335,-83.761593840905
"200","Business Organization","Citizens for Prison Reform","Families & Advocates share experiences and ideas for change regarding prison reform and criminal justice.","MI","P.O. Box 80414",NA,"Lansing",48908,"Active","Community Priorities",NA,"0011R00002SuTwB","0011R00002SuTwBQAV","Criminal Legal System",NA,NA,NA,NA,NA,NA,NA,NA,"P.O. Box 80414, NA, Lansing, MI, 48908",42.7410171,-84.622592
"201","Business Organization","IFF","IFF is a mission-driven lender, real estate consultant, and developer that helps communities thrive. Key to our success has been a deep sense of purpose, a broad perspective, and a relentless focus on achieving positive results.","MI","3011 W Grand Blvd, Suite 1715",NA,"Detroit",48102,"Lead","Community Priorities",NA,"0013600001pImSj","0013600001pImSjAAK","Housing Access and Affordability",NA,NA,NA,NA,NA,NA,NA,NA,"3011 W Grand Blvd, Suite 1715, NA, Detroit, MI, 48102",42.369556381539,-83.077072726133
"202","Business Organization","Jewish Family Services of Metropolitan Detroit","Since 1928, we’ve worked toward achieving our vision for a community in which no person faces life’s challenges alone. Through our more than 30 programs, we serve thousands of people each year with services for older adults, mental health and wellness, safety net concerns, and the Russian speaking community.","MI","6555 W. Maple Rd",NA,"West Bloomfield",48322,"Lead","Community Priorities",NA,"0013600001oHZzH","0013600001oHZzHAAW","Aging and Older Adults",NA,NA,NA,NA,NA,NA,NA,NA,"6555 W. Maple Rd, NA, West Bloomfield, MI, 48322",42.541221237062,-83.404360061234
"203","Business Organization","City of Detroit Housing and Revitalization Department","Through HRD and the City’s partners in housing, including the Detroit Housing Commission, the City of Detroit is committed to ensuring that every Detroiter has access to safe, decent, and affordable housing. HRD directs the strategy, deployment, and management of the City’s housing policy and U.S. Department of Housing and Urban Development entitlement funding. HRD makes strategic investments in the City’s existing housing stock and new development to ensure long-term population and physical growth of Detroit.","MI","2 Woodward Avenue","Suite 908","Detroit",48226,"Lead","Community Priorities",NA,"0013600001pImOw","0013600001pImOwAAK","Housing Access and Affordability",NA,NA,NA,NA,NA,NA,NA,NA,"2 Woodward Avenue, Suite 908, Detroit, MI, 48226",42.329677549344,-83.043681319358
"204","Business Organization","Washtenaw County Sheriff's Office","The Washtenaw County Sheriff's Office is comprised of over 350 staff supported by reserves and volunteers spread throughout five (5) divisions. Serving a population in excess of 350,000 residents spread across 25 local units of government, the Sheriff's Office focuses on building strong local communities through quality public safety and social justice services for all of Washtenaw County.","MI","2201 Hogback Road",NA,"Ann Arbor",48105,"Active","Community Priorities",NA,"00136000011Xbrq","00136000011XbrqAAC","Criminal Legal System",NA,NA,NA,NA,NA,NA,NA,NA,"2201 Hogback Road, NA, Ann Arbor, MI, 48105",42.255936205506,-83.678735123798
"205","Business Organization","Washtenaw Success by 6 Great Start Collaborative","Success by 6 Great Start Collaborative (SB6GSC) is a group of over 40 organizations working together to strengthen and streamline the early childhood system of programs and services in our county.","MI","1819 S Wagner Rd",NA,"Ann Arbor",48103,"Active","Community Priorities",NA,"00136000011Xbrs","00136000011XbrsAAC","Middle Childhood",NA,NA,NA,NA,NA,NA,NA,NA,"1819 S Wagner Rd, NA, Ann Arbor, MI, 48103",42.260362269478,-83.796939488406
"206","Business Organization","Our House","Our House is building a unique, integrated model to support youth typically lacking the experience of growing up with significant adults in their lives. Through individual and group mentoring, life skills training, camp retreats, employment training, and supportive housing options, Our House builds upon each component to help assure successful outcomes as youth transition to adulthood.
 
 ​","MI","2737 Holyoke Lane",NA,"Ann Arbor",48103,"Active","Community Priorities",NA,"0013600001IFI8Q","0013600001IFI8QAAX","Adolescence",NA,NA,NA,NA,NA,NA,NA,NA,"2737 Holyoke Lane, NA, Ann Arbor, MI, 48103",42.314202460607,-83.766401365291
"207","Business Organization","Developing KIDS","Developing K.I.D.S. provides high-quality youth development activities year round for ages 5-18, also supporting alumni in their transition into adulthood.","MI","19321 W. Chicago St",NA,"Detroit",48228,"Active","Community Priorities",NA,"0011R00002Ocm9j","0011R00002Ocm9jQAB","Middle Childhood","Adolescence",NA,NA,NA,NA,NA,NA,NA,"19321 W. Chicago St, NA, Detroit, MI, 48228",42.364071138373,-83.230293161809
"208","Business Organization","State Appellate Defender Office",NA,"MI","645 Griswold St # 3300",NA,"Detroit",48226,"Active","Community Priorities",NA,"0011R00002oENzm","0011R00002oENzmQAG","Criminal Legal System",NA,NA,NA,NA,NA,NA,NA,NA,"645 Griswold St # 3300, NA, Detroit, MI, 48226",42.330269772713,-83.047551746968
"209","Business Organization","Power of Predestiny Ministries","Small non-profit working to support and empower young people.","MI","n/a",NA,"Ypsilanti",NA,"Active","Community Priorities",NA,"0011R00002fnHiq","0011R00002fnHiqQAE","Middle Childhood","Adolescence","Religious Affiliation",NA,NA,NA,NA,NA,NA,"n/a, NA, Ypsilanti, MI, NA",42.2398061,-83.6145427
"210","Business Organization","Neutral Zone","A youth-driven model of social connection and social change, the Neutral Zone adopts an art through activism and programming approach to inncercity after-school education. Open to all K-12 students, Neutral Zone offers more than 20 weekly, after-school programs sourced from local and national artists. Program areas focus on Music, Visual and Media Arts, Literary Arts, Education and Leadership","MI","310 East Washington Street",NA,"Ann Arbor",48104,"Active","Community Priorities",NA,"0011R00002lcQ1j","0011R00002lcQ1jQAE","Arts","Adolescence",NA,NA,NA,NA,NA,NA,NA,"310 East Washington Street, NA, Ann Arbor, MI, 48104",42.280121977571,-83.745616257072
"211","Business Organization","Community Housing Network","A nonprofit organization providing housing and housing resources for:
 
 -people who are homeless or facing homelessness,
 
 -people with disabilities,
 
 -people with low income,
 
 -and other vulnerable residents of SE Michigan.
 
 They also create high-quality, rental residential communities with homes built and maintained to be appealing and affordable for hard-working families and individuals.","MI","5505 Corporate Drive","Suite 300","Troy",48098,"Active","Community Priorities",NA,"0011R00002fnkBl","0011R00002fnkBlQAI","Housing Access and Affordability",NA,NA,NA,NA,NA,NA,NA,NA,"5505 Corporate Drive, Suite 300, Troy, MI, 48098",42.598415195289,-83.172558864193
"212","Business Organization","Detroit Local Initiatives Support Corporation","Detroit LISC is a local organization founded in 1990, within the Local Initiatives Support Corp. network that includes 31 offices in urban areas across the country as well as a rural office that serves more than 40 states. National LISC, founded in 1980, is the largest national community development intermediary, combining corporate, government, and philanthropic resources to help community-based organizations revitalize their neighborhoods.","MI","3031 W. Grand Blvd","Suite 560","Detroit",48202,"Lead","Community Priorities",NA,"0013600001pIm3Z","0013600001pIm3ZAAS","Aging and Older Adults",NA,NA,NA,NA,NA,NA,NA,NA,"3031 W. Grand Blvd, Suite 560, Detroit, MI, 48202",42.37007224577,-83.076212323772
"213","Business Organization","En Nuestra Lengua Literacy and Culture Project","En Nuestra Lengua (ENL) is a Saturday-based academic program where the students, teachers, and families join together in a positive and welcoming environment to support life-long successful bilingual learners.","MI","4108 Modern Languages Building","University of Michigan","Ann Arbor",48109,"Active","Community Priorities",NA,"0013600001pKHbH","0013600001pKHbHAAW","Adolescence","Middle Childhood","Specific Cultural Focus",NA,NA,NA,NA,NA,NA,"4108 Modern Languages Building, University of Michigan, Ann Arbor, MI, 48109",42.2853264,-83.7290376
"214","Business Organization","The Lawn Academy","An after-school program that provides mentoring and training to youth through a college immersion program and community service projects","MI","2470 Collingwod St., Room 208",NA,"Detroit",48206,"Lead","Community Priorities",NA,"0011R000028NwPV","0011R000028NwPVQA0","Adolescence",NA,NA,NA,NA,NA,NA,NA,NA,"2470 Collingwod St., Room 208, NA, Detroit, MI, 48206",42.382198973737,-83.110915414575
"215","Business Organization","Girl Scouts Heart of Michigan","Leadership organization for girls.","MI","444 James L Hart Parkway",NA,"Ypsilanti",48107,"Active","Community Priorities",NA,"0013600001EAF3q","0013600001EAF3qAAH","Middle Childhood","Adolescence","Women and Girls",NA,NA,NA,NA,NA,NA,"444 James L Hart Parkway, NA, Ypsilanti, MI, 48107",42.22650537371,-83.620662364932
"216","Business Organization","Alternatives For Girls","We meet girls and women where they are. At Alternatives For Girls, they can access safe shelter, crisis support, and so much more. With this support, girls can stay out of harm’s way, succeed in school, graduate, and become leaders in their communities. Most importantly, they have a safe place to learn and grow.","MI","903 Grand Blvd",NA,"Detroit",48208,"Active","Community Priorities",NA,"0011R00002B51yh","0011R00002B51yhQAB","Housing Access and Affordability","Adolescence","Mentoring","Middle Childhood","Women and Girls",NA,NA,NA,NA,"903 Grand Blvd, NA, Detroit, MI, 48208",42.33292247743,-83.097523396414
"217","Business Organization","Farmworker Legal Services of Michigan","Farmworker Legal Services (""FLS"") is a statewide, non-profit legal services provider that represents indigent immigrant, migrant, and seasonal farmworkers and their dependents throughout Michigan. FLS is a division of the Michigan Advocacy Program and is funded by the federal Legal Services Corporation, other grants and contracts, as well as private donations.","MI","3030 South 9th St., Suite 1A",NA,"Kalamazoo",NA,"Lead","Community Priorities",NA,"0011R00002ICMLu","0011R00002ICMLuQAP","Refugee and Immigrant Support",NA,NA,NA,NA,NA,NA,NA,NA,"3030 South 9th St., Suite 1A, NA, Kalamazoo, MI, NA",42.261301000724,-85.677665977589
"218","Business Organization","Atlantic Impact","Too few students have access to the benefits of enriching experiences - locally and internationally.
 
 Our goal is to bring these experiences to students who can gain the most.","MI","3408 Woodward Avenue Ste 221",NA,"Detroit",48201,"Active","Community Priorities",NA,"0011R00002D5Xt9","0011R00002D5Xt9QAF","Adolescence",NA,NA,NA,NA,NA,NA,NA,NA,"3408 Woodward Avenue Ste 221, NA, Detroit, MI, 48201",42.346008807582,-83.0563892904
"219","Business Organization","She's a Genius","New non-profit dedicated to supporting middle school girls through STEM exposure, entrepreneurship, the arts and mental health. With a focus on girls from single parent households.","MI","n/a",NA,"Detroit",NA,"Active","Community Priorities",NA,"0011R00002K6Wvl","0011R00002K6WvlQAF","STEM Education and Outreach","Women and Girls",NA,NA,NA,NA,NA,NA,NA,"n/a, NA, Detroit, MI, NA",42.3329407,-83.0478365
"220","Business Organization","Ypsilanti Housing Commission","The Ypsilanti Housing Commission provides affordable housing opportunities to moderate and low-income families and individuals in the City of Ypsilanti.
 
 
 
 YHC is a government entity that also has a nonprofit under its umbrella.","MI","601 Armstrong Dr,",NA,"Ypsilanti",48197,"Active","Community Priorities",NA,"0013600000uqEDC","0013600000uqEDCAA2","Housing Access and Affordability",NA,NA,NA,NA,NA,NA,NA,NA,"601 Armstrong Dr,, NA, Ypsilanti, MI, 48197",42.230611751895,-83.625344663684
"221","Business Organization","Family Learning Institute","The Family Learning Institute�۪s core program provides free, one-on-one literacy and math tutoring to Washtenaw County 2nd-5th grade students from economically disadvantaged households.","MI","1954 S Industrial Hwy Suite D",NA,"Ann Arbor",48104,"Active","Community Priorities",NA,"0013600000uqEDE","0013600000uqEDEAA2","Middle Childhood","Tutoring","Literacy","Families",NA,NA,NA,NA,NA,"1954 S Industrial Hwy Suite D, NA, Ann Arbor, MI, 48104",42.258349020154,-83.738665982959
"222","Business Organization","Michigan Immigrant Rights Center","MIRC provides support for immigrant rights advocacy for the state of Michigan.","MI","3030 S 9th St # 1B",NA,"Kalamazoo",49009,"Active","Community Priorities",NA,"0013600000uqEDG","0013600000uqEDGAA2","Refugee and Immigrant Support",NA,NA,NA,NA,NA,NA,NA,NA,"3030 S 9th St # 1B, NA, Kalamazoo, MI, 49009",42.2612762322,-85.67905443985
"223","Business Organization","Arts & Scraps","A Detroit-based organization creating programs, workshops using recycled arts materials to create equity across institutional and community arts contexts.","MI","16135 Harper Ave",NA,"Detroit",48224,"Active","Community Priorities",NA,"0011R00002TpPAI","0011R00002TpPAIQA3","Arts",NA,NA,NA,NA,NA,NA,NA,NA,"16135 Harper Ave, NA, Detroit, MI, 48224",42.410014067967,-82.946462977187
"224","Business Organization","Faith in Action","A community funded, faith based assistance and resource center with locations in Chelsea and Dexter, Michigan","MI","603 South Main Street",NA,"Chelsea",48118,"Active","Community Priorities",NA,"0013600001a45hO","0013600001a45hOAAQ","Aging and Older Adults","Nutrition Accessibility","Religious Affiliation",NA,NA,NA,NA,NA,NA,"603 South Main Street, NA, Chelsea, MI, 48118",42.313273997192,-84.019961982975
"225","Business Organization","Educate Youth","Educate Youth supports students as whole people, regardless of the cards they’ve been dealt. They receive academic support, SAT preparation and teen-led activity planning. Students are supported with consistent, positive mental health interactions and role models.","MI","104 S. Huron St.",NA,"Ypsilanti",48197,"Active","Community Priorities",NA,"0011R00002GINtn","0011R00002GINtnQAH","Adolescence",NA,NA,NA,NA,NA,NA,NA,NA,"104 S. Huron St., NA, Ypsilanti, MI, 48197",42.239547279775,-83.613350914611
"226","Business Organization","Cranbrook Tower Apartments","Subsidized independent apartment complex for older adults and individuals with disabilities","MI","2901 Northbrook Place",NA,"Ann Arbor",48103,"Active","Community Priorities",NA,"0013600001YiOA8","0013600001YiOA8AAN","Aging and Older Adults",NA,NA,NA,NA,NA,NA,NA,NA,"2901 Northbrook Place, NA, Ann Arbor, MI, 48103",42.245229832942,-83.755099626144
"227","Business Organization","Golightly Career and Technical Center","Golightly Career and Technical Center offers 16 free programs geared toward high-wage, trend-setting jobs that provide career planning and training to match students’ interests and abilities.
 
 
 
 Students spend half the day at their comprehensive high schools and attend Golightly CTC for two years, enrolling in grades 10th and 11th.","MI","900 Dickerson Avenue",NA,"Detroit",NA,"Lead","Community Priorities",NA,"0011R000025Q1Zw","0011R000025Q1ZwQAK","Adolescence","STEM Education and Outreach",NA,NA,NA,NA,NA,NA,NA,"900 Dickerson Avenue, NA, Detroit, MI, NA",42.369791829199,-82.951283158246
"228","Business Organization","Detroit College Access Network","DCAN is the coordinating body of cross-sector leaders & organizations in Detroit working together to ensure all Detroit students have the opportunity to attend college.","MI","2111 Woodward Ave","Ste. 506","Detroit",48201,"Active","Community Priorities",NA,"0013600001P2ZJr","0013600001P2ZJrAAN","Adolescence","Postsecondary Education",NA,NA,NA,NA,NA,NA,NA,"2111 Woodward Ave, Ste. 506, Detroit, MI, 48201",42.337755985715,-83.05175703161
"229","Business Organization","American Friends Service Committee Michigan Criminal Justice Program","The program encourages dialogue among prisoners and the general public, and works for humane reform of the criminal justice system, and for the rights of prisoners.","MI","124 Pearl Street","Suite 607","Ypsilanti",48197,"Active","Community Priorities",NA,"0011R000020MjK1","0011R000020MjK1QAK","Criminal Legal System",NA,NA,NA,NA,NA,NA,NA,NA,"124 Pearl Street, Suite 607, Ypsilanti, MI, 48197",42.242449807116,-83.614218106314
"230","Business Organization","Catholic Social Services Senior Programs","Through volunteers, staff and collaborations with community parishes, we are able to facilitate several programs to provide respite, activities, tax assistance and so much more for seniors.","MI","4925 Packard",NA,"Ann Arbor",48108,"Active","Community Priorities",NA,"0013600001WocdM","0013600001WocdMAAR","Aging and Older Adults","Families","Mental Health & Substance Abuse","Religious Affiliation",NA,NA,NA,NA,NA,"4925 Packard, NA, Ann Arbor, MI, 48108",42.246014923903,-83.662360405392
"231","Business Organization","Michigan Banyamulenge Community","Grassroots congolese organization based in Grand Rapids","MI","n/a",NA,"Grand Rapids",NA,"Lead","Community Priorities",NA,"0011R00002EP2oq","0011R00002EP2oqQAD","Refugee and Immigrant Support",NA,NA,NA,NA,NA,NA,NA,NA,"n/a, NA, Grand Rapids, MI, NA",42.855139,-85.601691
"232","Business Organization","MiGen","MiGen provides services, advocacy, fun, and connection to LGBTQ+ folks ages 45+. At MiGen, we believe in vibrant, authentic lives at any age, safe spaces and connected communities.","MI","290 W Nine Mile Rd",NA,"Ferndale",48220,"Active","Community Priorities",NA,"0013600001lScBw","0013600001lScBwAAK","Aging and Older Adults","LGBTQIA2S+ Safety and Rights",NA,NA,NA,NA,NA,NA,NA,"290 W Nine Mile Rd, NA, Ferndale, MI, 48220",42.460806557192,-83.138113097818
"233","Business Organization","Freedom House Detroit","Freedom House Detroit is a temporary home for indigent survivors of persecution from around the world who are seeking asylum in the United States and Canada.","MI","1777 N. Rademacher St.",NA,"Detroit",48209,"Active","Community Priorities",NA,"0013600001lS4tv","0013600001lS4tvAAC","Refugee and Immigrant Support",NA,NA,NA,NA,NA,NA,NA,NA,"1777 N. Rademacher St., NA, Detroit, MI, 48209",42.313052379672,-83.113658392389
"234","Business Organization","Big Red Wall Dance Company","Dance Company based in Detroit that is part of Belle Isle & Beyond project","MI","P.O. Box 14278",NA,"Detroit",48214,"Lead","Community Priorities",NA,"0011R00002ICKp9","0011R00002ICKp9QAH","Arts",NA,NA,NA,NA,NA,NA,NA,NA,"P.O. Box 14278, NA, Detroit, MI, 48214",42.3675651,-82.9937149
"235","Business Organization","Forum for Youth Investment","The Forum for Youth Investment is an ""action tank"" working with state and local leaders and leadership groups to foster readiness for college, work and life by age 21. They offer a number of products and services to support leaders across sectors in supporting youth; these include trainings, data collection and management, technical assistance, strategic planning and more.","MI","301 W. Michigan Ave., Suite 200",NA,"Ypsilanti",48197,"Active","Community Priorities",NA,"0011R00002JLqwX","0011R00002JLqwXQAT","Middle Childhood","Adolescence","Education/Schooling","Not Otherwise Classified",NA,NA,NA,NA,NA,"301 W. Michigan Ave., Suite 200, NA, Ypsilanti, MI, 48197",42.240680638813,-83.616462360889
"236","Business Organization","FoodCorps","We see schools as places where we can correct these injustices, providing healthy food access and education for all kids. FoodCorps helps schools become places where kids get the nourishment they need to thrive.","MI","440 Burroughs Street, Suite 306",NA,"Detroit",48202,"Active","Community Priorities",NA,"0011R00002IVsUw","0011R00002IVsUwQAL","Middle Childhood","Adolescence","Food Justice","Nutrition Accessibility",NA,NA,NA,NA,NA,"440 Burroughs Street, Suite 306, NA, Detroit, MI, 48202",42.365063849075,-83.073013621882
"237","Business Organization","Women of Banglatown","Women of Banglatown is a women and girl’s community art organization serving the growing immigrant population in Hamtramck, Michigan since 2014. They offer art and exercise classes as well as field trips and workshop partnerships.","MI","11500 Joseph Campau Ave",NA,"Hamtramck",48212,"Active","Community Priorities",NA,"0011R00002J5IGE","0011R00002J5IGEQA3","Arts","Specific Cultural Focus","Arts","Women and Girls",NA,NA,NA,NA,NA,"11500 Joseph Campau Ave, NA, Hamtramck, MI, 48212",42.401712044329,-83.060875536437
"238","Business Organization","Michigan Ability Partners","MAP offers Permanent Supported Housing, Supportive Services including case management, Rapid Re-Housing, Employment Training, Job Placement Services and Representative Payee services.","MI","3810 Packard Road","Suite 260","Ann Arbor",48108,"Lead","Community Priorities",NA,"0011R000020MjH7","0011R000020MjH7QAK","Military Veterans and Service Members",NA,NA,NA,NA,NA,NA,NA,NA,"3810 Packard Road, Suite 260, Ann Arbor, MI, 48108",42.244774988966,-83.684713013323
"239","Business Organization","Winning Futures","Winning Futures is an award-winning non-profit organization that empowers youth to succeed through mentoring, strategic planning, and workforce preparation.","MI","27500 Cosgrove Drive",NA,"Warren",48092,"Lead","Community Priorities",NA,"0011R000021Jy4j","0011R000021Jy4jQAC","Adolescence",NA,NA,NA,NA,NA,NA,NA,NA,"27500 Cosgrove Drive, NA, Warren, MI, 48092",42.495176509253,-83.059015089208
"240","Business Organization","Shelter Association of Washtenaw County","Housing assistance for homeless, people looking for shelter or people in a housing crisis.","MI","PO Box 7370",NA,"Ann Arbor",48107,"Active","Community Priorities",NA,"0013600001krN7y","0013600001krN7yAAE","Housing Access and Affordability",NA,NA,NA,NA,NA,NA,NA,NA,"PO Box 7370, NA, Ann Arbor, MI, 48107",42.27951,-83.74722
"241","Business Organization","Ann Arbor Hands on Museum","Inter-active science museum for children and adults","MI","220 E. Ann St. Ann Arbor",NA,"Ann Arbor",48104,"Lead","Community Priorities",NA,"0013600001krL5w","0013600001krL5wAAE","Arts","Middle Childhood","Early Childhood","Families","STEM Education and Outreach",NA,NA,NA,NA,"220 E. Ann St. Ann Arbor, NA, Ann Arbor, MI, 48104",42.28182400683,-83.746550001086
"242","Business Organization","Next Chapter Bookclub of Saline","Higher academic learning in and around the community is the vision of Next Chapter Book and Jot-It-Down Writing Club of Saline.","MI","n/a",NA,"Saline",NA,"Active","Community Priorities",NA,"0013600000uqEXl","0013600000uqEXlAAM","Special Education","Disability Safety and Rights","Literacy",NA,NA,NA,NA,NA,NA,"n/a, NA, Saline, MI, NA",40.745513888663,14.46155911956
"243","Business Organization","Logan Community Resources","Provides a wide range of services and supports in Indiana and Southwest Michigan for youth and adults with intellectual and development disabilities.","IN","Jefferson Boulevard",NA,"South Bend",46615,"Active","Community Priorities",NA,"0011R00002doh3E","0011R00002doh3EQAQ","Special Education",NA,NA,NA,NA,NA,NA,NA,NA,"Jefferson Boulevard, NA, South Bend, IN, 46615",41.672951262366,-86.203755450998
"244","Business Organization","Chelsea Senior Center","Provides recreation, meals and other support to seniors in Chelsea.","MI","512 Washington Street",NA,"Chelsea",48118,"Active","Community Priorities",NA,"00136000013kGCG","00136000013kGCGAA2","Aging and Older Adults",NA,NA,NA,NA,NA,NA,NA,NA,"512 Washington Street, NA, Chelsea, MI, 48118",42.311317996267,-84.008720006798
"245","Business Organization","Fair Housing Center of Southeast & Mid Michigan","We are a nonprofit dedicated to investigating complaints of illegal housing discrimination based on federal, state, and local fair housing laws, as well as resolving reasonable accommodation and modification requests for people with disabilities. Protected classes include race, color, religion, national origin, sex, disability, familial status (the presence of children), marital status, age, sexual orientation, gender identity, and gender expression.","MI","P.O. Box 7825",NA,"Ann Arbor",48107,"Lead","Community Priorities",NA,"0011R00002TnSJr","0011R00002TnSJrQAN","Housing Access and Affordability",NA,NA,NA,NA,NA,NA,NA,NA,"P.O. Box 7825, NA, Ann Arbor, MI, 48107",42.27951,-83.74722
"246","Business Organization","Accelerate4Kids","Hackathons and coding events are examples of their inclusive computer programming, robotics, game design curriculum. They are an official partner of Michigan Economic Development Corporation (MEDC) Film & Digital Media.","MI","Suite 187",NA,"Detroit",48202,"Active","Community Priorities",NA,"0011R00002pag5g","0011R00002pag5gQAA","Adolescence","Middle Childhood","STEM Education and Outreach",NA,NA,NA,NA,NA,NA,"Suite 187, NA, Detroit, MI, 48202",42.3736068,-83.079257
"247","Business Organization","Middle Ground","Faith based program in Haiti that addresses childhood malnutrition and poverty.",NA,"Angle Rues A. Vieux et Laleau",NA,"Thmassin 25",NA,"Active","Community Priorities",NA,"0011R00002pcgA6","0011R00002pcgA6QAI","Nutrition Accessibility","Early Childhood","Families",NA,NA,NA,NA,NA,NA,"Angle Rues A. Vieux et Laleau, NA, Thmassin 25, NA, NA",21.50951,-104.89569
"248","Business Organization","Umoja Debate Team","The Umoja originated as a youth debate team based in Detroit, MI. They use debate as a vehicle to provide students with the opportunity for self expression, critical thinking skills, and conflict resolution skills. Since their inception, Umoja has developed near projects/programs, including Umoja Village, Outdoor community space built in three lots purchased by the organization, which features a community garden, art, and a stage for community meetings and youth debate.","MI","9165 Prevost",NA,"Detroit",48325,"Active","Community Priorities",NA,"0011R00002t4Yxc","0011R00002t4YxcQAE","Adolescence",NA,NA,NA,NA,NA,NA,NA,NA,"9165 Prevost, NA, Detroit, MI, 48325",42.361808114924,-83.201489979393
"249","Business Organization","Manufactured Housing Action","National organization of grassroots organizers of manufactured home community residents who organize their neighbors, build campaigns to protect the affordability and quality of their communities, and fight to advance racial, economic, and gender justice. MHAction leaders fight for corporate community owner accountability and for policy reform to protect their and other tenants’ housing, health, and economic security.
 
 They are currently organizing mobile home owners in Michigan with a particular focus on the Midland and Flint area.","CA","P.O. Box 29907",NA,"San Francisco",NA,"Active","Community Priorities",NA,"0011R00002t4aTX","0011R00002t4aTXQAY","Community Organizing & Advocacy","Housing Access and Affordability",NA,NA,NA,NA,NA,NA,NA,"P.O. Box 29907, NA, San Francisco, CA, NA",37.713996,-122.43821
"250","Business Organization","The Konnection","The Konnection is a Detroit based mentoring program that is working closely with middle and high schoolers in the Detroit Public Schools Community District's Durfee Elementary/Middle School and Central HS. The focus of their work is on addressing chronic absenteeism. They provide a resources such as basic hygiene and school supplies. They have an afterschool club targeting 15 students to provide academic and social-emotional support. And they are supporting school wide attendance through parties and cross grade level competition. 
 
 The goals are to 
 
 1. Increase access to quality afterschool programs
 
 2. Improve attendance
 
 3. Increase math/reading skills
 
 4. Improve graduation rates","MI","n/a",NA,"Detroit",NA,"Active","Community Priorities",NA,"0011R00002ukqP8","0011R00002ukqP8QAI","Adolescence","Education/Schooling","Mentoring","Middle Childhood",NA,NA,NA,NA,NA,"n/a, NA, Detroit, MI, NA",42.3329407,-83.0478365
"251","Business Organization","The Ark","The Ark is a non-profit performance venue in Ann Arbor that holds over 300 shows a year and relies on a pool of volunteers to staff most front of house roles during a show.","MI","117 N. First Street, Suite 40",NA,"Ann Arbor",48104,"Active","Community Priorities",NA,"0011R00002ukr8i","0011R00002ukr8iQAA","Arts",NA,NA,NA,NA,NA,NA,NA,NA,"117 N. First Street, Suite 40, NA, Ann Arbor, MI, 48104",42.282225960997,-83.751378228772
"252","Business Organization","Youth Arts Alliance","Youth Arts Alliance provides trauma-informed arts based programs for young people across Michigan, with a particular focus on court-involved youth.","MI","209 Pearl Street",NA,"Ypsilanti",48197,"Active","Community Priorities",NA,"0011R00002xjiRp","0011R00002xjiRpQAI","Adolescence","Arts","Criminal Legal System",NA,NA,NA,NA,NA,NA,"209 Pearl Street, NA, Ypsilanti, MI, 48197",42.24197769642,-83.615280512541
"253","Business Organization","Detroit Riverfront Conservancy","The Detroit Riverfront Conservancy (DRFC) is responsible for the establishment, improvement, operation, maintenance, security, programming and expansion of the Detroit RiverWalk and associated green spaces. Through its public/private partnerships, the DRFC will support the development of the riverfront district and facilitate community access to the waterfront.","MI","600 Renaissance Center Suite 1720",NA,"Detroit",48243,"Active","Community Priorities",NA,"0011R00002TpPAR","0011R00002TpPARQA3","Environment & Sustainability",NA,NA,NA,NA,NA,NA,NA,NA,"600 Renaissance Center Suite 1720, NA, Detroit, MI, 48243",42.330241358061,-83.037980954646
"254","Business Organization","Acorn Farmers' Market and Cafe","Acorn Farmers’ Market and Cafe will be a neighborhood store selling locally-sourced meat, dairy, and produce, baked goods, freshly prepared ready-to-eat foods, and healthy beverages.","MI","327 W Main Street",NA,"Manchester",48158,"Active","Community Priorities",NA,"0011R00002CT9q7","0011R00002CT9q7QAD","Community Gardens and Farming","Nutrition Accessibility",NA,NA,NA,NA,NA,NA,NA,"327 W Main Street, NA, Manchester, MI, 48158",42.147683884086,-84.043303236385
"255","Business Organization","Aid in Milan","Aid in Milan is a 501(c)(3) human service agency which provides an emergency food pantry and monthly food distribution to low-income people, and helps with the distribution of Home-Delivered Meals to our homebound seniors. By also supporting rent and utility crisis intervention and job search assistance, AIM promotes the well-being of residents of the Milan school district area while preserving respect and personal dignity.","MI","89 West Main Street",NA,"Milan",48160,"Lead","Community Priorities",NA,"0013600001aNvzc","0013600001aNvzcAAC","Families","Nutrition Accessibility","Poverty & Economic Opportunity",NA,NA,NA,NA,NA,NA,"89 West Main Street, NA, Milan, MI, 48160",42.085613250772,-83.685643823671
"256","Business Organization","Christ the King Service Corps","At Christ the King Service Corps, our volunteers come from around the country to live and work together in a community of faith.","MI","NA",NA,"Detroit",NA,"Lead","Community Priorities",NA,"0011R00002CTdXD","0011R00002CTdXDQA1","Community Building","Religious Affiliation",NA,NA,NA,NA,NA,NA,NA,"NA, NA, Detroit, MI, NA",42.3329407,-83.0478365
"257","Business Organization","Eastern Michigan University","Public research university","MI","900 Oakwood St",NA,"Ypsilanti",48197,"Active","Community Priorities",NA,"0011R00002CTnWM","0011R00002CTnWMQA1","Postsecondary Education",NA,NA,NA,NA,NA,NA,NA,NA,"900 Oakwood St, NA, Ypsilanti, MI, 48197",42.249094560858,-83.624789949332
"258","Business Organization","Food Gatherers","Food Gatherers rescues food that would otherwise go to waste from more than 300 local sources including food retailers, restaurants, and food wholesalers.","MI","1 Carrot Way",NA,"Ann Arbor",48105,"Active","Community Priorities",NA,"0013600000x2oHi","0013600000x2oHiAAI","Nutrition Accessibility",NA,NA,NA,NA,NA,NA,NA,NA,"1 Carrot Way, NA, Ann Arbor, MI, 48105",42.316808897218,-83.728064887099
"259","Business Organization","Growing Hope","Growing Hope helps people improve their lives and communities through gardening and increasing access to healthy food. You'll find us working to educate, inspire, and empower the community in schools, at our urban farm, at our farmers markets, in our downtown Ypsilanti retail shop, and around southeast Michigan.","MI","922 West Michigan Avenue",NA,"Ypsilanti",48197,"Active","Community Priorities",NA,"0013600000x2oIW","0013600000x2oIWAAY","Community Gardens and Farming","Food Justice",NA,NA,NA,NA,NA,NA,NA,"922 West Michigan Avenue, NA, Ypsilanti, MI, 48197",42.237756025157,-83.6257138027
"260","Business Organization","Kingdom Builders","Community driven garden and orchard.","MI",NA,NA,"Ypsilanti",NA,"Active","Community Priorities",NA,"0011R00002iHRia","0011R00002iHRiaQAG","Community Gardens and Farming",NA,NA,NA,NA,NA,NA,NA,NA,"NA, NA, Ypsilanti, MI, NA",42.2398061,-83.6145427
"261","Business Organization","MECCA Development Corporation","MECCA's program focus areas include workforce development training, development without displacement, beautification of public spaces, crime prevention and public safety, resident empowerment and engagement.","MI","5901 Cadieux Road",NA,"Detroit",48224,"Active","Community Priorities",NA,"0011R00002TpP4W","0011R00002TpP4WQAV","Community Building","Poverty & Economic Opportunity",NA,NA,NA,NA,NA,NA,NA,"5901 Cadieux Road, NA, Detroit, MI, 48224",42.412659522338,-82.934782208379
"262","Business Organization","Michigan Food and Farming Systems","MIFFS is a farmer-led organization that strives to listen first and maintain the knowledge and lessons learned from the diverse individuals and communities with which we’ve worked. MIFFS provides various services to support the success and growth of historically underserved farmers in Michigan by facilitating peer to peer, regionally based, farmer networks.","MI","480 Wilson Road","Room 172","East Lansing",48824,"Active","Community Priorities",NA,"0011R00002QeL1u","0011R00002QeL1uQAF","Community Gardens and Farming","Community Organizing & Advocacy","Food Justice",NA,NA,NA,NA,NA,NA,"480 Wilson Road, Room 172, East Lansing, MI, 48824",42.723187898389,-84.478640571518
"263","Business Organization","Michigan Works! Southeast","Workforce development agency","MI","304 Harriet St",NA,"Ypsilanti",48197,"Active","Community Priorities",NA,"0013600001KF7Nq","0013600001KF7NqAAL","Poverty & Economic Opportunity",NA,NA,NA,NA,NA,NA,NA,NA,"304 Harriet St, NA, Ypsilanti, MI, 48197",42.233740003888,-83.616843402207
"264","Business Organization","Our Lady of Guadalupe","Spanish Catholic church in Detroit","MI","4329 Central",NA,"Detroit",48210,"Lead","Community Priorities",NA,"0011R00002ICL4x","0011R00002ICL4xQAH","Religious Affiliation","Specific Cultural Focus",NA,NA,NA,NA,NA,NA,NA,"4329 Central, NA, Detroit, MI, 48210",42.327196170728,-83.135200470283
"265","Business Organization","Second Ebenezer Church","Second Ebenezer Church is dedicated to meet the new Christian challenge in greater strength through fellowship and service under the leadership of our Pastor, Bishop Edgar L. Vann. Our fellowship is dedicated to the worship and adoration of our Lord and Savior Jesus Christ. We are a Holy Ghost driven ministry where we give God the highest praise.","MI","14601 Dequindre St",NA,"Detroit",48212,"Lead","Community Priorities",NA,"0011R000024I2qD","0011R000024I2qDQAS","Religious Affiliation",NA,NA,NA,NA,NA,NA,NA,NA,"14601 Dequindre St, NA, Detroit, MI, 48212",42.416581163377,-83.084015875628
"266","Business Organization","Washtenaw County Juvenile Probation","Division of the Washtenaw County Trial Court","MI","101 East Huron Street","PO Box 8645","Ann Arbor",48107,"Active","Community Priorities",NA,"0013600000uqEQH","0013600000uqEQHAA2","Adolescence","Criminal Legal System",NA,NA,NA,NA,NA,NA,NA,"101 East Huron Street, PO Box 8645, Ann Arbor, MI, 48107",42.281776188073,-83.747912730904
"267","Business Organization","Washtenaw Literacy","Literacy and tutoring services for all ages","MI","5577 Whittaker Road",NA,"Ypsilanti",48197,"Lead","Community Priorities",NA,"00136000012q1eT","00136000012q1eTAAQ","Adult Education","Literacy",NA,NA,NA,NA,NA,NA,NA,"5577 Whittaker Road, NA, Ypsilanti, MI, 48197",42.20834258581,-83.614883461788
"268","Business Organization","Washtenaw County Youth Center","Washtenaw County Children's Services provides opportunities for youth to be accountable for their actions.","MI","4125 Washtenaw Ave",NA,"Ann Arbor",48108,"Active","Community Priorities",NA,"0013600000uqEQK","0013600000uqEQKAA2","Adolescence","Criminal Legal System",NA,NA,NA,NA,NA,NA,NA,"4125 Washtenaw Ave, NA, Ann Arbor, MI, 48108",42.254224872335,-83.678543848767
"269","Business Organization","Washtenaw Trial Court","Public Courts for Washtenaw County","MI","101 East Huron Street",NA,"Ann Arbor",48104,"Lead","Community Priorities",NA,"0013600001c56qG","0013600001c56qGAAQ","Criminal Legal System",NA,NA,NA,NA,NA,NA,NA,NA,"101 East Huron Street, NA, Ann Arbor, MI, 48104",42.281776188073,-83.747912730904
"270","Business Organization","Charity for People Powered Democracy","Get out the Vote project aiming to utilize mobile gaming to engage ""under-served communities across America.""","MI","Po Box 3592",NA,"Southfield",48037,"Active","Community Priorities",NA,"0011R00002xkC3W","0011R00002xkC3WQAU","Civic Engagement",NA,NA,NA,NA,NA,NA,NA,NA,"Po Box 3592, NA, Southfield, MI, 48037",42.486947,-83.263254
"271","Business Organization","Heartland Hospice","Heartland Hospice (formerly ProMedica Hospice) provides hospice care.","MI","1399 Eisenhower Place, Suite 1390",NA,"Ann Arbor",48108,"Active","Community Priorities",NA,"0011R00002xkC74","0011R00002xkC74QAE","Health & Wellbeing","Aging and Older Adults",NA,NA,NA,NA,NA,NA,NA,"1399 Eisenhower Place, Suite 1390, NA, Ann Arbor, MI, 48108",42.240438090387,-83.729802338736
"272","Business Organization","Yoganic Flow","Community based yoga practice LLC with non-profit arm called Yoga House Detroit. Providing accessible yoga across Detroit, including at many local parks.","MI","n/a",NA,"Detroit",NA,"Active","Community Priorities",NA,"0011R00002ukqA2","0011R00002ukqA2QAI","Health & Wellbeing",NA,NA,NA,NA,NA,NA,NA,NA,"n/a, NA, Detroit, MI, NA",42.3329407,-83.0478365
"273","Business Organization","Stand with Trans",NA,"MI","23332 Farmington Rd #84",NA,"Farmington",48336,"Active","Community Priorities",NA,"0011R00002t3LhG","0011R00002t3LhGQAU","LGBTQIA2S+ Safety and Rights",NA,NA,NA,NA,NA,NA,NA,NA,"23332 Farmington Rd #84, NA, Farmington, MI, 48336",42.462666711054,-83.374805722095
"274","Business Organization","Resource Generation","Resource Generation is a multiracial membership community of young people (18-35) with wealth and/or class privilege committed to the equitable distribution of wealth, land, and power.","MI",NA,NA,NA,NA,"Active","Community Priorities",NA,"001Hq00003CyfRx","001Hq00003CyfRxIAJ","Social Justice & Equity",NA,NA,NA,NA,NA,NA,NA,NA,"NA, NA, NA, MI, NA",21.65,-104.7
"275","Business Organization","Plowshares Theatre Company",NA,"MI","440 Burroughs St., Suite 525",NA,"Detroit",48202,"Lead","Community Priorities",NA,"001Hq000036VhSS","001Hq000036VhSSIA0","Arts","Civic Engagement","Racial Justice","Social Justice & Equity",NA,NA,NA,NA,NA,"440 Burroughs St., Suite 525, NA, Detroit, MI, 48202",42.365063849075,-83.073013621882
"276","Business Organization","Garrett's Space","Garrett’s Space is dedicated to reducing suicides and filling critical gaps in supportive care options for young adults ages 18 to 28 facing significant mental health challenges. Their goal is to create goal a center that can be a supportive space with a non-medical feel: a haven from the outside world where young adults feel safe and supported. Guests will stay overnight at the Center for two to three weeks and participate in concurrent outpatient programming. Services and activities will include: individual and group therapy; coping strategies for broken relationships; support for families; support from peers who have experienced similar struggles; and an extensive array of holistic options focused on teaching healthy behaviors and promoting wellness, such as meditation, yoga, art, music, poetry workshops, journaling and healthy cooking. Our guests will be embraced by a warm community of caring staff, including nurses, social workers and a medical director.
 
 
 
 While Garrett's Space i","MI",NA,NA,"Superior Township",NA,"Active","Community Priorities",NA,"0011R00002xkUHD","0011R00002xkUHDQA2","Adolescence","Health & Wellbeing","Mental Health & Substance Abuse",NA,NA,NA,NA,NA,NA,"NA, NA, Superior Township, MI, NA",46.37691,-84.68171
"277","Business Organization","Survivors Speak","Survivors Speak advocates for survivors of the criminal justice system, whether they be victims or defendants who were wrongfully convicted. They also work on behalf of individuals who have survived human trafficking, rape and child abuse.","MI","791 Harriet Street",NA,"Ypsilanti",48197,"Active","Community Priorities",NA,"0011R000031wEL8","0011R000031wEL8QAM","Criminal Legal System","Racial Justice","Social Justice & Equity",NA,NA,NA,NA,NA,NA,"791 Harriet Street, NA, Ypsilanti, MI, 48197",42.232619245145,-83.623725362604
"278","Business Organization","Sidewalk Detroit","Founder and Executive Director, Ryan Myers-Johnson launched the annual Sidewalk Festival in 2012 with family and friends to celebrate the magic of Detroit's neighborhood streetscapes, with an emphasis on the Northwest Detroit neighborhood of Old Redford. Sidewalk Festival is an outdoor celebration of performance and installation art that attracts 5-6,000 attendees annually. 
 
 
 
 In 2016 Sidewalk Detroit began working with Eliza Howell Park. This work is part of a long-term vision to curate outdoor interventions specific to the Brightmoor community and to produce events in the park with the aim of engaging residents in artistic and recreational activities.","MI","23701 Fenkell Ave",NA,"Detroit",48223,"Active","Community Priorities",NA,"0011R000035LbkS","0011R000035LbkSQAS","Civic Engagement","Community Organizing & Advocacy","Environment & Sustainability",NA,NA,NA,NA,NA,NA,"23701 Fenkell Ave, NA, Detroit, MI, 48223",42.399309958517,-83.271932109851
"279","Business Organization","Journey of Faith Church","""Journey of Faith is a small, diverse, inter-generational, mission-oriented Christian church in Ann Arbor, Michigan. We welcome all people to be part of our faith community, no matter who you are or where you are on your faith journey. In particular, we are open and affirming of LGBTQ people. Journey of Faith is part of the Christian Church (Disciples of Christ) denomination.""","MI","1900 Manchester Road",NA,"Ann Arbor",48104,"Active","Community Priorities",NA,"0011R000035KasX","0011R000035KasXQAS","Community Building","Religious Affiliation","Social Justice & Equity",NA,NA,NA,NA,NA,NA,"1900 Manchester Road, NA, Ann Arbor, MI, 48104",42.25890432124,-83.710666235402
"280","Business Organization","Feed Your Neighborhood","Feed Your Neighborhood is based in Detroit, Michigan on the lower East side of the city, which includes the underfunded communities of Detroit's ""Red"" Zone & ""Dead"" Zone. The organization was established by a group of individuals who had experienced homelessness, and focuses on two issues: food (providing food to local communities) and housing (setting up shelters and repairing dilapidated homes).","MI",NA,NA,"Detroit",NA,"Active","Community Priorities",NA,"0011R000034FLeb","0011R000034FLebQAG","Community Organizing & Advocacy","Food Justice","Nutrition Accessibility",NA,NA,NA,NA,NA,NA,"NA, NA, Detroit, MI, NA",42.3329407,-83.0478365
"281","Business Organization","Barn Sanctuary","Barn Sanctuary rescues farmed animals from cases of abuse and neglect, provides rehabilitation and veterinary care, and provides safe homes in their sanctuary. rescuing farm animals from abuse and neglect and providing a safe home in their sanctuary, rehabilitating rescued animals. They use their sanctuary to educate the public and advocate about animal treatment and environmental impact of animal products.","MI","20179 McKernan Drive",NA,"Chelsea",48118,"Lead","Community Priorities",NA,"001UI000005Crgn","001UI000005CrgnYAC","Not Otherwise Classified","Environment & Sustainability","Food Justice","Not Otherwise Classified",NA,NA,NA,NA,NA,"20179 McKernan Drive, NA, Chelsea, MI, 48118",42.292424222591,-84.032018931597
"282","Business Organization","FedUp Ministries","FedUp is a food truck in Southeast Michigan. FedUp serves good, healthy, food truck style food with dignity to communities that are food insecure and economically exploited by unjust racial and economic systems in the United States. Founded by an ELCA pastor, FedUp seeks to blur the lines between faith and food justice.
 
 
 
 We are a ministry of the Evangelical Lutheran Church in America (ELCA) and the Southeast Michigan Synod, ELCA. We are in partnership with Zion Lutheran Church, Ann Arbor.","MI","1501 W Liberty St",NA,"Ann Arbor",48103,"Lead","Community Priorities",NA,"001UI000006bq5z","001UI000006bq5zYAA","Food Justice","Housing Access and Affordability","Nutrition Accessibility","Religious Affiliation",NA,NA,NA,NA,NA,"1501 W Liberty St, NA, Ann Arbor, MI, 48103",42.275272501761,-83.765812033678
"283","Business Organization","St. Pius X Catholic Church","St. Pius X is a Eucharistic community rooted in the Gospel, celebrating sacraments that influence all generations. We encourage all to embrace diversity, respond to spiritual needs and promote social justice, especially for the most vulnerable.","MI","14101 Superior St",NA,"Southgate",48195,"Lead","Community Priorities",NA,"0011R00002ICL3B","0011R00002ICL3BQAX","Religious Affiliation",NA,NA,NA,NA,NA,NA,NA,NA,"14101 Superior St, NA, Southgate, MI, 48195",42.205098034909,-83.194704858211
"284","Business Organization","Detroit Food Policy Council","The DFPC is an implementation, monitoring and advisory body for food policy in Detroit.","MI","1420 Washington Boulevard, Suite 230",NA,"Detroit",48226,"Lead","Community Priorities",NA,"0011R00002JkrNR","0011R00002JkrNRQAZ","Food Justice",NA,NA,NA,NA,NA,NA,NA,NA,"1420 Washington Boulevard, Suite 230, NA, Detroit, MI, 48226",42.334044604718,-83.050441743364
"285","Business Organization","Center for Success","Center for Success Network unites community and literacy to empower students in their journey of education. Our vision is to vitalize the community's relationship with literacy, thereby inspiring families to relate with literacy as a fundamental necessity and encourage parents to generate themselves as primary stakeholders engaged in their children's success. Our collaboratively rich programs ignite a unified passion for education that inspires students to thrive academically within safe spaces and intentional learning structures where students connect with dedicated mentors for guided, specified literacy interventions. All of our mentors are background checked and cleared. We pave the way for community contribution towards children’s lifelong love of learning through reading.","MI","2470 Collingwood St",NA,"Detroit",48206,"Lead","Community Priorities",NA,"0011R00002TpPA6","0011R00002TpPA6QAN","Education/Schooling","Mentoring","Tutoring",NA,NA,NA,NA,NA,NA,"2470 Collingwood St, NA, Detroit, MI, 48206",42.382198973737,-83.110915414575
"286","Business Organization","A2Y Regional Chamber","The Ann Arbor / Ypsilanti Regional Chamber is a 1,200-member community organization that actively facilitates, educates, and advocates on behalf of its members through our services and programs. Chamber member offerings include numerous networking opportunities and events, educational seminars, leadership development, and special offers to Chamber members from Chamber members. The Chamber offers multiple ways to get your business noticed: submit a press release to be posted in the news section of our homepage, sponsor an event, attend monthly programs, join a committee or find other businesses to interact with in our Member Directory.","MI","2010 Hogback Road",NA,"Ann Arbor",48105,"Active","Community Priorities",NA,"001Hq000038qiwZ","001Hq000038qiwZIAQ","Civic Engagement",NA,NA,NA,NA,NA,NA,NA,NA,"2010 Hogback Road, NA, Ann Arbor, MI, 48105",42.257585051589,-83.681382296459
"287","Business Organization","Ann Arbor Renters' Commission",NA,"MI","301 East Huron Street",NA,"Ann Arbor",48104,"Lead","Community Priorities",NA,"001360000175x9U","001360000175x9UAAQ","Civic Engagement",NA,NA,NA,NA,NA,NA,NA,NA,"301 East Huron Street, NA, Ann Arbor, MI, 48104",42.281480013524,-83.745775010318
"288","Business Organization","American Indian Health and Family Services","AIHFS provides comprehensive, culturally integrated services in the areas of medical care, behavioral health, parenting, leadership training, benefits assistance and more.","MI","4880 Lawndale St",NA,"Detroit",48210,"Active","Community Priorities",NA,"0011R00002TpP9W","0011R00002TpP9WQAV","Community Building","Health & Wellbeing","Mental Health & Substance Abuse",NA,NA,NA,NA,NA,NA,"4880 Lawndale St, NA, Detroit, MI, 48210",42.3283014923,-83.147091792499
"289","Business Organization","DisArt","Founded in 2015, DisArt is committed to advancing a cultural understanding of disability. By taking disability out of the space of speculation, mystery, or fear, and placing it in an historical and aesthetic context, DisArt amplifies the voice, visibility, and value of the disability community. DisArt advances this work through public speaking, publication, cutting-edge programming, and organizational consulting.","MI","PO Box 3467",NA,"Grand Rapids",49301,"Lead","Community Priorities",NA,"001Hq00003AUomo","001Hq00003AUomoIAD","Arts","Disability Safety and Rights",NA,NA,NA,NA,NA,NA,NA,"PO Box 3467, NA, Grand Rapids, MI, 49301",42.9986,-85.5546
"290","Business Organization","Justice InDeed","Justice InDeed is a collaborative project dedicated to exposing and responding to the fact that the deeds to thousands of homes in Washtenaw County contain “racially restrictive covenants” – or provisions prohibiting Black people and other minorities from living there.",NA,NA,NA,"Ann Arbor",NA,"Active","Community Priorities",NA,"001UI00000Apado","001UI00000ApadoYAB","Housing Access and Affordability","Racial Justice",NA,NA,NA,NA,NA,NA,NA,"NA, NA, Ann Arbor, NA, NA",44.2670803,26.5898039
"291","Business Organization","Center for Independent Living","CIL provides a wide range of services to support people with disabilities to live independent lives based on their own needs. In addition, CIL advocates for more inclusive, accessible spaces for all.","MI","3941 Research Park Dr",NA,"Ann Arbor",48108,"Active","Community Priorities",NA,"0011R00002Y1bqf","0011R00002Y1bqfQAB","Disability Safety and Rights",NA,NA,NA,NA,NA,NA,NA,NA,"3941 Research Park Dr, NA, Ann Arbor, MI, 48108",42.234052523148,-83.731056220704
"292","Business Organization","Michigan Health Endowment Fund","The Michigan Health Endowment Fund is a philanthropic foundation that works to improve the health and wellness of Michigan residents while reducing healthcare costs. The Health Fund supports organizations across Michigan, from grassroots groups addressing local health challenges to large agencies working in every county. From the urban streetscapes of downtown Detroit all the way to the rural corners of the Upper Peninsula, our partners are doing innovative, evidence-based work to improve the health and wellness of Michigan residents.","MI","9829 Spencer Road St. 201",NA,"Brighton",48114,"Lead","Community Priorities",NA,"001Hq000038sNvL","001Hq000038sNvLIAU","Health & Wellbeing",NA,NA,NA,NA,NA,NA,NA,NA,"9829 Spencer Road St. 201, NA, Brighton, MI, 48114",42.534316267136,-83.7575446273
"293","Business Organization","Positive Impact for Life","Positive Impact for Life is a nonprofit organization that delivers two pillars of service, free of charge, because we believe in the power of healing and providing every child with support during their educational journey. Through our youth development programming, we reach at-risk students with afterschool tutoring. Through our community wellness services, we connect individuals with licensed therapists and self-care workshops.",NA,NA,NA,"Grand Rapids",NA,"Active","Community Priorities",NA,"001Hq00003AXDlS","001Hq00003AXDlSIAX","Adolescence","Community Building","Health & Wellbeing","Mental Health & Substance Abuse","Middle Childhood","Social Justice & Equity",NA,NA,NA,"NA, NA, Grand Rapids, NA, NA",21.50951,-104.89569
"294","Business Organization","Peace Players International",NA,"DC","1200 New Hampshire Avenue Northwest #875",NA,"Washington",20036,"Active","Community Priorities",NA,"0011R000035L6oM","0011R000035L6oMQAS","Adolescence","Community Building","Social Justice & Equity",NA,NA,NA,NA,NA,NA,"1200 New Hampshire Avenue Northwest #875, NA, Washington, DC, 20036",38.905792268415,-77.047752932202
"295","Business Organization","Peace Players: Detroit","PeacePlayers Detroit currently operates in the predominantly African American communities of Cody Rouge and Brightmoor, as well as the primarily Latino community of Southwest Detroit, with the goal of building networks of young leaders for peace and equity in all seven of the city community districts by 2024.","MI",NA,NA,"Detroit",NA,"Active","Community Priorities",NA,"001UI00000AzfBl","001UI00000AzfBlYAJ","Adolescence","Community Building","Social Justice & Equity",NA,NA,NA,NA,NA,NA,"NA, NA, Detroit, MI, NA",42.3329407,-83.0478365
"296","Business Organization","The Equitable Ann Arbor Land Trust","EA2 is a young nonprofit working to develop structural responses to housing unaffordability. Their primary focus is on developing policy to support development of middle income affordable housing.",NA,NA,NA,NA,NA,"Active","Community Priorities",NA,"001Hq00003D7pHq","001Hq00003D7pHqIAJ","Housing Access and Affordability",NA,NA,NA,NA,NA,NA,NA,NA,"NA, NA, NA, NA, NA",23.14958,97.48747
"297","Business Organization","SafeHouse Center",NA,"MI","4100 Clark Rd",NA,"Ann Arbor",48105,"Active","Community Priorities",NA,"0011R00002foJjG","0011R00002foJjGQAU","Criminal Legal System","Housing Access and Affordability","Social Justice & Equity",NA,NA,NA,NA,NA,NA,"4100 Clark Rd, NA, Ann Arbor, MI, 48105",42.258074848102,-83.678439829349
"298","Business Organization","What About Us?","WAU is a resident-led, grass-roots organization founded in 2015 that offers a range of programming and workshops to Detroit Residents. Programming includes GED Prep, conflict resolution, LGBTQ community awareness, family building activities, (FOIA) training classes, parental involvement workshops on twice-exceptional children.","MI","5012 Belvidere Street",NA,"Detroit",48213,"Lead","Community Priorities",NA,"001Hq00003AWvBI","001Hq00003AWvBIIA1","Community Building","Community Gardens and Farming","Community Organizing & Advocacy","Health & Wellbeing",NA,NA,NA,NA,NA,"5012 Belvidere Street, NA, Detroit, MI, 48213",42.380752299158,-83.001326137689
"299","Business Organization","YpsiNICE","This YTOWN ARPA COMMITTEE was formed by residents for residents, to engage the community in discussing how 9.4 million dollars in pandemic rescue funding should be spent. They have now transitioned to YpsiNICE, co-chaired by Alex Thomas and La'Resha Thornton.","MI",NA,NA,"Ypsilanti",NA,"Active","Community Priorities",NA,"001Hq000038ssOd","001Hq000038ssOdIAI","Civic Engagement","Community Organizing & Advocacy",NA,NA,NA,NA,NA,NA,NA,"NA, NA, Ypsilanti, MI, NA",42.2398061,-83.6145427
"300","Business Organization","Our Community Reads","Our Community Reads are committed to showing an accurate representation of our community, planting seeds of possibilities, and inspiring a love of reading. 
 
 We are cultivating a space where our Black children feel empowered and can become academically confident while inviting our Hero Parents to be Co-Educators alongside us.","MI",NA,NA,"Ypsilanti",NA,"Lead","Community Priorities",NA,"001UI00000ETFN1","001UI00000ETFN1YAP","Community Building","Literacy","Mentoring",NA,NA,NA,NA,NA,NA,"NA, NA, Ypsilanti, MI, NA",42.2398061,-83.6145427
"301","Business Organization","Sustainable Community Farms","Sustainability Community Farms is a 501(c)3 operated by Small Ville Learning Farms. They offer fresh produce at their farm market stand, educate residents on how and why they should compost, and provide learning opportunities for youth.","MI","6249 Garfield St.",NA,"Detroit",48207,"Lead","Community Priorities",NA,"001UI00000EkjbZ","001UI00000EkjbZYAR","Environment & Sustainability","Food Justice",NA,NA,NA,NA,NA,NA,NA,"6249 Garfield St., NA, Detroit, MI, 48207",42.367386978609,-83.025546823604
"302","Business Organization","The McKinney Foundation","The McKinney Foundation is a 501(c)(3) public charity formed on February 05, 2010, in Detroit,
 
 Michigan, and is established on three pillars: Health, Entrepreneurship, and the Environment. Our core focus is to address educational equity as it relates to ensuring access and opportunity to
 
 quality programs for all metro Detroiters.",NA,NA,NA,NA,NA,"Lead","Community Priorities",NA,"001UI00000EuizD","001UI00000EuizDYAR","Education/Schooling","Health & Wellbeing","Social Justice & Equity",NA,NA,NA,NA,NA,NA,"NA, NA, NA, NA, NA",23.14958,97.48747
"303","Business Organization","Our Village","OV is a support group for Black pregnant and parenting women in Wayne, Washtenaw & surrounding counties. OV seeks to empower & create space for moms.",NA,NA,NA,NA,NA,"Lead","Community Priorities",NA,"001UI00000EUnw5","001UI00000EUnw5YAD","Health & Wellbeing","Women and Girls",NA,NA,NA,NA,NA,NA,NA,"NA, NA, NA, NA, NA",23.14958,97.48747
"304","Business Organization","Knight Perinatal Advocacy Group - NB Doulas","Knight is a We are a 501(c)3 founded in 2018 by Safca Knight. The core of our work lies in the continuous passion and dedication we have for ensuring access to equitable maternity care and parenting resources for communities that are often overlooked.","MI","760 Woodland Drive East",NA,"Saline",48176,"Lead","Community Priorities",NA,"001UI00000FuEu6","001UI00000FuEu6YAF","Families","Health & Wellbeing","Women and Girls",NA,NA,NA,NA,NA,NA,"760 Woodland Drive East, NA, Saline, MI, 48176",42.182567604902,-83.772513868181
"305","Business Organization","SURE: Sisters United Resilient & Empowered","SURE is a peer support group for mothers of youth within the juvenile justice system. Facilitated by an Outreach Worker, SURE meets weekly with Moms. The group focuses on providing a space to listen, encourage, teach, and learn from each other’s experience. In addition to providing one-to-one support and community building among mothers in our target communities, SURE Moms also serve as a vehicle for family engagement and feedback to the justice system. Sharing their family’s stories and helping to implement youth violence prevention plans, they coordinate community mobilization, social intervention, and organizational change to address youth, crime and violence.","MI","2201 Hogback Road",NA,"Ann Arbor",48105,"Lead","Community Priorities",NA,"001UI00000GYGPS","001UI00000GYGPSYA5","Criminal Legal System","Families","Mental Health & Substance Abuse","Women and Girls",NA,NA,NA,NA,NA,"2201 Hogback Road, NA, Ann Arbor, MI, 48105",42.255936205506,-83.678735123798
"306","Business Organization","Project Grow","Project Grow's core focus is facilitating organic community garden sites throughout Ann Arbor. Each site offers a variety of plot types that accommodate diverse gardeners and all sites use sustainable practices, enriching the land through natural soil improvement, organic growing methods, and careful stewardship. Project Grow also offers classes and programs on gardening-related topics to help their community of gardeners improve their own abilities.","MI","P.O. Box 130293",NA,"Ann Arbor",48113,"Lead","Community Priorities",NA,"001UI00000H6Him","001UI00000H6HimYAF","Community Gardens and Farming",NA,NA,NA,NA,NA,NA,NA,NA,"P.O. Box 130293, NA, Ann Arbor, MI, 48113",42.310952,-83.692833
"307","Business Organization","New Roots Institute","Through interactive, high school and college lessons, we inspire critical thinking and dynamic discussions about the connections between industrial animal agriculture and current key issues impacting us all—like animal welfare, climate change and environmental sustainability, human rights, and personal and public health.
 
 Through our Leadership Program, we offer fellowships for students motivated to dig deeper into the impacts, and solutions, of factory farming—while being trained in effective communication, advocacy, and leadership skills. Upon completing the fellowship, alumni go on—with our continued support—to develop and empower other leaders to create change in their communities toward our shared goal of ending factory farming.","CA","1110 N Virgil Ave, Suite 98280",NA,"Los Angeles",90029,"Lead","Community Priorities",NA,"001UI00000ICACZ","001UI00000ICACZYA5","Environment & Sustainability","Food Justice","Nutrition Accessibility",NA,NA,NA,NA,NA,NA,"1110 N Virgil Ave, Suite 98280, NA, Los Angeles, CA, 90029",34.091154078064,-118.28642561952
"308","Business Organization","Jotno Foundation","Jotno Foundation is dedicated to addressing the social and health disparities perpetuating poverty in Bangladesh. 
 
 Recognizing the escalating challenges of income inequality and climate change, Jotno aims to empower marginalized children, youth and their families through strategic collaboration with high-impact local initiatives. 
 
 
 
 Jotno provides sustainable strategies and financial support to uplift and strengthen community-driven programs by targeting gaps in education and healthcare.",NA,NA,NA,NA,NA,"Active","Community Priorities",NA,"001UI00000IuNCW","001UI00000IuNCWYA3","Education/Schooling","Health & Wellbeing","Poverty & Economic Opportunity","Social Justice & Equity",NA,NA,NA,NA,NA,"NA, NA, NA, NA, NA",23.14958,97.48747
"309","Business Organization","Haven Wellness","Haven Wellness is dedicated to supporting individuals and families through periods of growth and adjustment, ensuring that each individual feels supported along the way.","MI","17 North First, Suite 106",NA,"Ann Arbor",48104,"Lead","Community Priorities",NA,"001UI00000IuLHB","001UI00000IuLHBYA3","Health & Wellbeing","Women and Girls",NA,NA,NA,NA,NA,NA,NA,"17 North First, Suite 106, NA, Ann Arbor, MI, 48104",42.281589679976,-83.751041439131
"310","Business Organization","Uloma Immigrants' House","Uloma House works to address social determinants of health in underserved communities through virtual and in-person educational programming as well as health fairs and events.","MI","P.O. Box 5339",NA,"Flint",48505,"Lead","Community Priorities",NA,"001UI00000JGJrn","001UI00000JGJrnYAH","Health & Wellbeing","Poverty & Economic Opportunity","Refugee and Immigrant Support",NA,NA,NA,NA,NA,NA,"P.O. Box 5339, NA, Flint, MI, 48505",43.064281,-83.698148
"311","Business Organization","National Wild Turkey Federation - Michigan State Chapter","NWTF supports hunters and hunting access, supports and encourages outdoor enthusiasts of all ages, and is committed to improving water quality and forest health and restore grasslands. Their work includes recruitment, education, legislation, conservation, and more.",NA,NA,NA,NA,NA,"Lead","Community Priorities",NA,"001UI00000JU0hC","001UI00000JU0hCYAT","Environment & Sustainability",NA,NA,NA,NA,NA,NA,NA,NA,"NA, NA, NA, NA, NA",23.14958,97.48747
"312","Business Organization","Supporting Her Empowerment (SHE)","S.H.E. offers events, classes and workshops that strengthen the family bond, provide resources to families, new & expectant mothers, education and advocacy in and with members of the community. Their programming includes support for parents and children.","MI","18701 West Grand River Avenue",NA,"Detroit",48223,"Active","Community Priorities",NA,"001UI00000KTQqA","001UI00000KTQqAYAX","Early Childhood","Families","Health & Wellbeing","Middle Childhood","Specific Cultural Focus","Women and Girls",NA,NA,NA,"18701 West Grand River Avenue, NA, Detroit, MI, 48223",42.403439303117,-83.225653946039
"313","Business Organization","Thurston Nature Center","Thurston Nature Center is a community and student-created outdoor environmental lab that was led by the global “founder of environmental education”, Dr. William Stapp, in the 1960s on Ann Arbor Public Schools (AAPS) property. Dr. William Stapp took his experience from the Thurston Nature Center and created K-12 environmental education curriculum which he spread across the world through the United Nations which later gave him a nomination for the prestigious Nobel Peace Prize. It is the oldest operating environmental education nature center in the country built by students for students and continues to thrive to this day. Students, scouts and the community continue to preserve and maintain this delicate ecosystem that was created with a mission to learn from our natural environment.","MI","2398 Yorktown Drive",NA,"Ann Arbor",48105,"Lead","Community Priorities",NA,"001UI00000Kx3A9","001UI00000Kx3A9YAJ","Community Gardens and Farming","Environment & Sustainability","Education/Schooling","Environment & Sustainability","Education/Schooling","Environment & Sustainability","Social Justice & Equity",NA,NA,"2398 Yorktown Drive, NA, Ann Arbor, MI, 48105",42.308197950357,-83.700600051026
"314","Business Organization","Refugee Garden Initiatives","Refugee Garden Initiative was founded to provide culturally appropriate foods for refugees.",NA,NA,NA,NA,NA,"Lead","Community Priorities",NA,"001UI00000L0yo7","001UI00000L0yo7YAB","Community Gardens and Farming","Food Justice","Refugee and Immigrant Support",NA,NA,NA,NA,NA,NA,"NA, NA, NA, NA, NA",23.14958,97.48747
"315","Business Organization","Towne Centre Place","Towne Centre Place is an Senior (62+) Income-based apartment complex in Ypsilanti.","MI","401 West Michigan Avenue",NA,"Ypsilanti",48197,"Lead","Community Priorities",NA,"001UI00000MkTTl","001UI00000MkTTlYAN","Aging and Older Adults","Housing Access and Affordability","Poverty & Economic Opportunity",NA,NA,NA,NA,NA,NA,"401 West Michigan Avenue, NA, Ypsilanti, MI, 48197",42.240212970525,-83.618096915827
"316","Business Organization","Detroit Brownie","We are The Better Detroit Youth Movement, a 20-year-old, volunteer-driven, non-profit coalition of incredible individuals and great groups working together to improve the quality of life and learning for and with our children, teens and young adults. We work with a vision to bridge cultures and communities in engaging and enriching children all over Greater Detroit.",NA,NA,NA,NA,NA,"Active","Community Priorities",NA,"001UI00000Nlo92","001UI00000Nlo92YAB","Adolescence","Community Building","Middle Childhood","Poverty & Economic Opportunity",NA,NA,NA,NA,NA,"NA, NA, NA, NA, NA",23.14958,97.48747
"317","Business Organization","Wayne County Conservation District","The Wayne County Conservation District is a nonprofit government organization dedicated to education,","MI","28 Mc Kinley Place",NA,"Grosse Pointe Farms",48236,"Active","Community Priorities",NA,"001UI00000Ny5Aw","001UI00000Ny5AwYAJ","Environment & Sustainability",NA,NA,NA,NA,NA,NA,NA,NA,"28 Mc Kinley Place, NA, Grosse Pointe Farms, MI, 48236",42.388238386432,-82.900003931904
"318","Business Organization","Grow Jackson","Grow Jackson is a 501(c)3 nonprofit organization that has been providing fresh food and education to our community since we were founded in 2020. Our network of over twenty community gardens empowers our neighbors by providing fresh fruits and vegetables and engaging educational programming. At Grow Jackson we believe that access to fresh food is a human right. We believe that equitable access to our food systems is food justice, and food justice is an essential component of community equity and health. We are committed to building a community where these beliefs are a reality for everyone.","MI","740 West Michigan Avenue",NA,"Jackson",49201,"Active","Community Priorities",NA,"001UI00000OxGB2","001UI00000OxGB2YAN","Community Gardens and Farming","Environment & Sustainability","Food Justice",NA,NA,NA,NA,NA,NA,"740 West Michigan Avenue, NA, Jackson, MI, 49201",42.247830988955,-84.421213997724
"319","Business Organization","Washtenaw County Resiliency Office","The Resiliency Office in Washtenaw County plays a crucial role in fostering sustainability and climate action across the organization and the whole region. The office oversees the Resilient Washtenaw Plan, which includes ambitious climate goals: achieving carbon neutrality for county operations by 2030 and for the entire county by 2035. The broader objectives of the plan encompass promoting environmental stewardship, ensuring social equity, and strengthening economic resilience, all aimed at creating a more sustainable and inclusive future for the county’s residents.","MI","555 Towner Street",NA,"Ypsilanti",48198,"Lead","Community Priorities",NA,"001UI00000PS0Ep","001UI00000PS0EpYAL","Environment & Sustainability","Infrastructure",NA,NA,NA,NA,NA,NA,NA,"555 Towner Street, NA, Ypsilanti, MI, 48198",42.239738009982,-83.600421996601
"320","Business Organization","Transportation Riders United","Transportation Riders United is a nonprofit that has been working since 1999 to improve public transit in greater Detroit through education, engagement, and advocacy.","MI","P.O. Box 2668",NA,"Detroit",48202,"Lead","Community Priorities",NA,"0011R00002TpPAF","0011R00002TpPAFQA3","Community Organizing & Advocacy","Infrastructure",NA,NA,NA,NA,NA,NA,NA,"P.O. Box 2668, NA, Detroit, MI, 48202",42.3736068,-83.079257
"321","Business Organization","Collaborative Changemakers","Collaborative ChangeMakers services are designed to help everyday people deal with the difficulties and complexities of life and mental health challenges, as well as people looking to grow and achieve new goals. Collaborative ChangeMakers counselors take multicultural consciousness very seriously, especially the work of creating empowering and healing space for members of marginalized communities.","MI","201 East Liberty Street",NA,"Ann Arbor",48104,"Active","Community Priorities",NA,"001UI00000RVxPL","001UI00000RVxPLYA1","Community Building","Health & Wellbeing","Mental Health & Substance Abuse","Mental Health & Substance Abuse","Poverty & Economic Opportunity","Racial Justice",NA,NA,NA,"201 East Liberty Street, NA, Ann Arbor, MI, 48104",42.279746258762,-83.74710111122
"322","Business Organization","Ecology Center",NA,"MI","339 East Liberty Street",NA,"Ann Arbor",48104,"Lead","Community Priorities",NA,"001UI00000Rukrs","001UI00000RukrsYAB","Environment & Sustainability",NA,NA,NA,NA,NA,NA,NA,NA,"339 East Liberty Street, NA, Ann Arbor, MI, 48104",42.279749988709,-83.745389023677
"323","Business Organization","Breyko","Breyko is a local film production company with a sister education-focused nonprofit.",NA,NA,NA,NA,NA,"Lead","Community Priorities",NA,"001UI00000Rueea","001UI00000RueeaYAB","Education/Schooling","Racial Justice","Social Justice & Equity",NA,NA,NA,NA,NA,NA,"NA, NA, NA, NA, NA",23.14958,97.48747
"324","Business Organization","Moasic Youth Theatre of Detroit","Mosaic Youth Theatre of Detroit is a youth development 501(c)(3) non-profit organization in Detroit, Michigan with a mission is to empower young people to maximize their potential through professional performing arts training and the creation of first-rate theatrical and musical art.","MI","2251 Antietam Avenue",NA,"Detroit",48207,"Lead","Community Priorities",NA,"001UI00000SvkHJ","001UI00000SvkHJYAZ","Adolescence","Arts","Education/Schooling","Middle Childhood","Racial Justice",NA,NA,NA,NA,"2251 Antietam Avenue, NA, Detroit, MI, 48207",42.348154281428,-83.030671432163
"325","Business Organization","Detroit Parent Network","Detroit Parent Network (DPN) is a network of parents working to build and strengthen each other to ensure every child has a champion. A champion that can advocate for their child’s fair and equal education…A champion that supports their child’s learning at home from cradle to career…A champion that leads their child by example with their own education and career aspirations…And finally a champion, raising another champion, who will raise yet another champion; thereby, breaking a generational cycle of poverty.",NA,NA,NA,NA,NA,"Lead","Community Priorities",NA,"001UI00000SzDrf","001UI00000SzDrfYAF","Adolescence","Adult Education","Early Childhood","Families","Middle Childhood",NA,NA,NA,NA,"NA, NA, NA, NA, NA",23.14958,97.48747
"326","Business Organization","Family Assistance for Renaissance Men","FARM provides mentoring and wraparound services to fathers including mentoring programming, legal guidance, financial literacy, Social Work/social-emotional support, housing support, and workforce development.","MI","18701 Grand River Avenue",NA,"Detroit",48223,"Active","Community Priorities",NA,"001UI00000b45F9","001UI00000b45F9YAI","Families","Families",NA,NA,NA,NA,NA,NA,NA,"18701 Grand River Avenue, NA, Detroit, MI, 48223",42.403439303117,-83.225653946039
"327","Business Organization","Ele's Place","Ele's Place is a children's grief center focused on peer support for kids and teens who had experienced the death of someone close to them with a goal to help them learn to cope with their feelings of grief, sadness, anger, and loss.",NA,NA,NA,NA,NA,"Lead","Community Priorities",NA,"001UI00000bc1h1","001UI00000bc1h1YAA","Adolescence","Early Childhood","Families","Health & Wellbeing","Mental Health & Substance Abuse","Middle Childhood",NA,NA,NA,"NA, NA, NA, NA, NA",23.14958,97.48747
"328","Business Organization","The Delian Club","The Delian Club is a non-profit organization operating in the State of Michigan that provides in-person socializing opportunities for autistic adults interested in sharing their intellectual, artistic, philosophical, scientific, or other learning interests.. It was created by and for autistic adults. Our Bylaws require that a majority of our Board of Directors be autistic, and autistic people must create or approve all Delian Club activities and content. Allistic (nonautistic) people may be minority Board members and may provide administrative or logistical support.",NA,NA,NA,NA,NA,"Lead","Community Priorities",NA,"001UI00000bc5kZ","001UI00000bc5kZYAQ","Adult Education","Community Building","Disability Safety and Rights","Health & Wellbeing",NA,NA,NA,NA,NA,"NA, NA, NA, NA, NA",23.14958,97.48747
"329","Business Organization","Reproductive Freedom for All - Michigan","We're fighting to protect and expand reproductive freedom for everybody in the state of Michigan.",NA,NA,NA,NA,NA,"Lead","Community Priorities",NA,"001UI00000bnJU3","001UI00000bnJU3YAM","Families","Health & Wellbeing","Social Justice & Equity","Women and Girls",NA,NA,NA,NA,NA,"NA, NA, NA, NA, NA",23.14958,97.48747
"330","Business Organization","Concert Music Outreach Collective","CMOC was founded to bring concert stage music to those who may not be able to attend a normal concert. They perform at hospitals and shelters to share and teach about concert music. We aim to fight the injustices that are deep rooted in the field of classical music, highlighting works by historically marginalized groups and making it widely accessible.",NA,NA,NA,NA,NA,"Active","Community Priorities",NA,"001UI00000aVkg9","001UI00000aVkg9YAC","Arts","Social Justice & Equity",NA,NA,NA,NA,NA,NA,NA,"NA, NA, NA, NA, NA",23.14958,97.48747
"331","Business Organization","Trinity Health Community Health and Wellbeing","This is the Community Health and Wellbeing area of Trinity Health Systems serving the Ann Arbor-Livingston area. They work to serve county residents, patients, colleagues.",NA,NA,NA,NA,NA,"Lead","Community Priorities",NA,"001UI00000daqRa","001UI00000daqRaYAI","Health & Wellbeing","Poverty & Economic Opportunity",NA,NA,NA,NA,NA,NA,NA,"NA, NA, NA, NA, NA",23.14958,97.48747
"332","Business Organization","Superhero Training Academy","Special Ops Squads of educators, artists, and therapist design immersive educational adventures known as “quests” to transform kids’ lives.",NA,NA,NA,NA,NA,"Lead","Community Priorities",NA,"001UI00000esej3","001UI00000esej3YAA","Adolescence","Arts","Middle Childhood",NA,NA,NA,NA,NA,NA,"NA, NA, NA, NA, NA",23.14958,97.48747
"333","Business Organization","Voce Velata","To unveil the voices of Black, Indigenous, People of Color and Women composers through deep study and authentic performance.",NA,NA,NA,"Ann Arbor",NA,"Active","Community Priorities",NA,"001UI00000fh79y","001UI00000fh79yYAA","Arts","Community Building","Mentoring",NA,NA,NA,NA,NA,NA,"NA, NA, Ann Arbor, NA, NA",44.2670803,26.5898039
"334","Business Organization","Midcourse Correction Challenge Camp","Midcourse Correct empower at-risk youth to take control of their future through an adventurous weekend.","MI","833 East Grand River Avenue",NA,"Howell",48843,"Lead","Community Priorities",NA,"001UI00000gHKHc","001UI00000gHKHcYAO","Adolescence","Health & Wellbeing",NA,NA,NA,NA,NA,NA,NA,"833 East Grand River Avenue, NA, Howell, MI, 48843",42.603593744619,-83.920610530265
"335","Business Organization","Greater Health Institute","Greater Health Institute archives stories in the community shared at communal dinners. Stories shared in conversation are captured and archived on GHI's website.",NA,NA,NA,NA,NA,"Lead","Community Priorities",NA,"001UI00000gOooK","001UI00000gOooKYAS","Arts","Community Building","Health & Wellbeing",NA,NA,NA,NA,NA,NA,"NA, NA, NA, NA, NA",23.14958,97.48747
"336","Business Organization","Michigan Community Resources","We support nonprofit and grassroots organizations with capacity building services, tailored cohort experiences, and legal guidance.","MI","440 Burroughs Street",NA,"Detroit",48202,"Lead","Community Priorities",NA,"001UI00000hUNHn","001UI00000hUNHnYAO","Community Building",NA,NA,NA,NA,NA,NA,NA,NA,"440 Burroughs Street, NA, Detroit, MI, 48202",42.365063849075,-83.073013621882
"337","Business Organization","Laotian American Community of Michigan","LACM advances their mission through educational resources, engaging community events, and accessible social services.",NA,NA,NA,NA,NA,"Lead","Community Priorities",NA,"001UI00000hep4m","001UI00000hep4mYAA","Community Building","Specific Cultural Focus",NA,NA,NA,NA,NA,NA,NA,"NA, NA, NA, NA, NA",23.14958,97.48747
"338","Business Organization","FutureRoot","Planning, Facilitation & Advisory – Justice-centered planning, assembling community leadership councils, policy audits, and anti-racist process design & facilitation.
 
 
 
 Learning & Leadership – Online media series, learning cohorts, masterclasses on spatial, housing and racial, justice, and community power building.
 
 
 
 Storytelling & Community-led Engagement – Public history projects, narrative strategy, and research partnerships with institutions and foundations.",NA,NA,NA,NA,NA,"Active","Community Priorities",NA,"001UI00000iQ91Z","001UI00000iQ91ZYAS","Community Organizing & Advocacy",NA,NA,NA,NA,NA,NA,NA,NA,"NA, NA, NA, NA, NA",23.14958,97.48747
"339","Business Organization","Blood Cancer Foundation of Michigan","BCFM offers support for patients and their families representing nearly 200 diseases in the blood cancer family. Together with you, we stand in the gaps for Michiganders with blood cancer diagnoses, whether those gaps are emotional, social, or financial. If you are a Michigan resident affected by any type of blood cancer or precancerous blood condition, we’re with you, for you, all the way through.","MI","27655 Middlebelt Road",NA,"Farmington Hills",48334,"Lead","Community Priorities",NA,"001UI00000isGxj","001UI00000isGxjYAE","Community Building","Health & Wellbeing",NA,NA,NA,NA,NA,NA,NA,"27655 Middlebelt Road, NA, Farmington Hills, MI, 48334",42.498675073729,-83.339853102034
"340","Business Organization","ENTER-GREAT313","Enter-Great 313 is a community-based organization dedicated to supporting Long Term Serving Returning Citizens (LTSRC) as they transition back into society.","MI","3127 East Canfield Street",NA,"Detroit",48207,"Lead","Community Priorities",NA,"001UI00000jrFJz","001UI00000jrFJzYAM","Adult Education","Criminal Legal System",NA,NA,NA,NA,NA,NA,NA,"3127 East Canfield Street, NA, Detroit, MI, 48207",42.363856394013,-83.032595414218
"341","Business Organization","Clubhouse Michigan","Clubhouse Michigan is the coalition of 40 mental health recovery Clubhouse programs, including Fresh Start, across the state of Michigan. Clubhouse work helps individuals to develop relationships, independent living skills, job skills, and most importantly, self-esteem and confidence to facilitate recovery.",NA,NA,NA,NA,NA,"Active","Community Priorities",NA,"001UI00000kayBI","001UI00000kayBIYAY","Disability Safety and Rights",NA,NA,NA,NA,NA,NA,NA,NA,"NA, NA, NA, NA, NA",23.14958,97.48747
"342","Business Organization","Zero Waste Detroit","Zero Waste Detroit's mission is to inspire communities through education and advocacy to eliminate waste for a more sustainable city. Committed to environmental justice, they seek to engage a diverse range of stakeholders in the creation of a circular system that eliminates waste, reuses materials, and recycles resources back into the community.","MI","2937 Grand Blvd, Suite 602",NA,"Detroit",48202,"Active","Community Priorities",NA,"001UI00000nH0j2","001UI00000nH0j2YAC","Environment & Sustainability",NA,NA,NA,NA,NA,NA,NA,NA,"2937 Grand Blvd, Suite 602, NA, Detroit, MI, 48202",42.372002681891,-83.06747955413
"343","Business Organization","The SunBundle Nonprofit","Note: SunBundle has a complementary Student Org. SunBundle delivers care packages, including request-based athletic footwear, to inspire movement, health, and confidence in underserved communities.",NA,NA,NA,NA,NA,"Active","Community Priorities",NA,"001UI00000qFjVF","001UI00000qFjVFYA0","Adolescence","Education/Schooling","Middle Childhood",NA,NA,NA,NA,NA,NA,"NA, NA, NA, NA, NA",23.14958,97.48747
"344","Business Organization","Porter's Place","Porters Place is a 2,200-square-foot community and cultural space located at Dunbar Tower in Ann Arbor. The space is designed for meetings, arts and crafts, lectures, and to celebrate the history and legacy of the city's historically Black neighborhoods.","MI","121 Catherine Street",NA,"Ann Arbor",48104,"Lead","Community Priorities",NA,"001UI00000qfymU","001UI00000qfymUYAQ","Arts","Community Building","Housing Access and Affordability","Racial Justice",NA,NA,NA,NA,NA,"121 Catherine Street, NA, Ann Arbor, MI, 48104",42.283498124351,-83.747471172245
"345","Educational Institution","Ypsilanti Community Schools","Ypsilanti Community Schools are K-12 schools for Ypsilanti.","MI","1885 Packard St",NA,"Ypsilanti",48197,"Active","Community Priorities",NA,"0013600000uqEDB","0013600000uqEDBAA2","Early Childhood","Middle Childhood","Adolescence",NA,NA,NA,NA,NA,NA,"1885 Packard St, NA, Ypsilanti, MI, 48197",42.244362138326,-83.643292749134
"346","Educational Institution","Dexter Community Schools","Public school district in Dexter, Michigan","MI","7714 Ann Arbor Street",NA,"Dexter",48130,"Lead","Community Priorities",NA,"0013600001lSgBl","0013600001lSgBlAAK","Early Childhood","Middle Childhood","Adolescence","Education/Schooling",NA,NA,NA,NA,NA,"7714 Ann Arbor Street, NA, Dexter, MI, 48130",42.334714947424,-83.882317805608
"347","Educational Institution","Ann Arbor Public Schools","AAPS supports public K-12 education in Washtenaw County.","MI","2555 South State Street",NA,"Ann Arbor",48104,"Active","Community Priorities",NA,"0013600000uqEXj","0013600000uqEXjAAM","Early Childhood","Middle Childhood","Adolescence","Special Education","Education/Schooling",NA,NA,NA,NA,"2555 South State Street, NA, Ann Arbor, MI, 48104",42.250379003701,-83.736917853233
"348","Educational Institution","Foundations Preschool of Washtenaw County",NA,"MI","3770 Packard St",NA,"Ann Arbor",48108,"Active","Community Priorities",NA,"0013600001xTw2X","0013600001xTw2XAAS","Early Childhood",NA,NA,NA,NA,NA,NA,NA,NA,"3770 Packard St, NA, Ann Arbor, MI, 48108",42.244477054218,-83.685627814236
"349","Educational Institution","Lincoln Consolidated Schools","Public School District based in Augusta Township, Michigan","MI","8970 Whittaker Road",NA,"Ypsilanti",48197,"Lead","Community Priorities",NA,"0013600001jBjIS","0013600001jBjISAA0","Health & Wellbeing","Literacy","Middle Childhood","Adolescence","Education/Schooling",NA,NA,NA,NA,"8970 Whittaker Road, NA, Ypsilanti, MI, 48197",42.157759979441,-83.602080020868
"350","Educational Institution","AAPS: Community Division","For almost 100 years, Rec & Ed has provided a wide variety of high quality, affordable enrichment and recreational opportunities to residents of Ann Arbor and surrounding communities. Staff in our five divisions -- Team Sports, Lifelong Learning, Early Childhood, School-Aged Child Care, and Administration -- serve about 19,000 youth and 18,500 adults annually, from birth to senior adult.","MI","1515 S Seventh St",NA,"Ann Arbor",48103,"Active","Community Priorities",NA,"0013600001ms4NE","0013600001ms4NEAAY","Early Childhood","Literacy","Middle Childhood","Adolescence","Education/Schooling",NA,NA,NA,NA,"1515 S Seventh St, NA, Ann Arbor, MI, 48103",42.261814433543,-83.75711415425
"351","Educational Institution","Detroit Public Schools Community District","Public school district for the City of Detroit","MI","3011 W Grand Blvd",NA,"Detroit",48202,"Active","Community Priorities",NA,"0013600001lSg3c","0013600001lSg3cAAC","Early Childhood","Middle Childhood","Adolescence","Education/Schooling",NA,NA,NA,NA,NA,"3011 W Grand Blvd, NA, Detroit, MI, 48202",42.369556381539,-83.077072726133
"352","Educational Institution","AAPS: Lawton Elementary","An Ann Arbor Elementary School that serves kids from 1st-5th grade","MI","2250 South 7th Street",NA,"Ann Arbor",48103,"Active","Community Priorities",NA,"0011R000029Y0zx","0011R000029Y0zxQAC","Middle Childhood",NA,NA,NA,NA,NA,NA,NA,NA,"2250 South 7th Street, NA, Ann Arbor, MI, 48103",42.253554236262,-83.763790234813
"353","Educational Institution","Saline Area Schools","Saline Area Public School District, K-12","MI","7265 Ann Arbor-Saline Road",NA,"Saline",48176,"Lead","Community Priorities",NA,"0013600001df3ml","0013600001df3mlAAA","Middle Childhood","Adolescence","Education/Schooling",NA,NA,NA,NA,NA,NA,"7265 Ann Arbor-Saline Road, NA, Saline, MI, 48176",42.180104331197,-83.785600533609
"354","Educational Institution","Washtenaw Intermediate School District","WISD's vision is to be the leader in empowering, facilitating, and delivering a high-quality, boundary-spanning, educational system that educates all children through an equitable, inclusive, and holistic approach.","MI","1735 S Wagner Rd",NA,"Ann Arbor",48103,"Lead","Community Priorities",NA,"00136000011Xbrr","00136000011XbrrAAC","Middle Childhood","Adolescence","Education/Schooling","Special Education",NA,NA,NA,NA,NA,"1735 S Wagner Rd, NA, Ann Arbor, MI, 48103",42.260520016896,-83.796570014114
"355","Educational Institution","Ann Arbor Huron High School",NA,"MI","2727 Fuller Road",NA,"Ann Arbor",48105,"Lead","Community Priorities",NA,"001360000182nSD","001360000182nSDAAY","Adolescence",NA,NA,NA,NA,NA,NA,NA,NA,"2727 Fuller Road, NA, Ann Arbor, MI, 48105",42.281618943569,-83.703091760959
"356","Educational Institution","YCS: Holmes Elementary","Public elementary school grades 2-5","MI","1255 Holmes Rd.",NA,"Ypsilanti",48198,"Active","Community Priorities",NA,"0013600001lSg91","0013600001lSg91AAC","Middle Childhood",NA,NA,NA,NA,NA,NA,NA,NA,"1255 Holmes Rd., NA, Ypsilanti, MI, 48198",42.254687301933,-83.58766113575
"357","Educational Institution","AAPS: Bryant Elementary","Early Education Center K-2","MI","2150 Santa Rosa",NA,"Ann Arbor",48108,"Active","Community Priorities",NA,"0013600001lSfld","0013600001lSfldAAC","Middle Childhood",NA,NA,NA,NA,NA,NA,NA,NA,"2150 Santa Rosa, NA, Ann Arbor, MI, 48108",42.232516707029,-83.715650534125
"358","Educational Institution","AAPS: Logan Elementary","Pre-K through grade 5","MI","2685 Traver Rd",NA,"Ann Arbor",48105,"Active","Community Priorities",NA,"0013600001lSfua","0013600001lSfuaAAC","Middle Childhood",NA,NA,NA,NA,NA,NA,NA,NA,"2685 Traver Rd, NA, Ann Arbor, MI, 48105",42.31282489482,-83.709343403442
"359","Educational Institution","WSC Academy","WSC Academy is a Tuition-Free, Public Charter School serving students in grades 9-12. WSC Academy offers a non-traditional curriculum combining online courses, and teacher-led class sessions, and Project Based Learning (PBL) in a technology enriched classroom.","MI","855 Jefferson Street",NA,"Ypsilanti",48197,"Active","Community Priorities",NA,"0013600001YiM7L","0013600001YiM7LAAV","Adolescence",NA,NA,NA,NA,NA,NA,NA,NA,"855 Jefferson Street, NA, Ypsilanti, MI, 48197",42.228420009943,-83.621090009632
"360","Educational Institution","YCS: Estabrook Elementary School","Public elementary school grades 2-6","MI","1555 W Cross St",NA,"Ypsilanti",48198,"Active","Community Priorities",NA,"00136000013m1TR","00136000013m1TRAAY","Middle Childhood",NA,NA,NA,NA,NA,NA,NA,NA,"1555 W Cross St, NA, Ypsilanti, MI, 48198",42.244048529418,-83.640982864257
"361","Educational Institution","AAPS: Lakewood Elementary",NA,"MI","344 Gralake Ave",NA,"Ann Arbor",48103,"Active","Community Priorities",NA,"0011R00002OCy4j","0011R00002OCy4jQAD","Middle Childhood",NA,NA,NA,NA,NA,NA,NA,NA,"344 Gralake Ave, NA, Ann Arbor, MI, 48103",42.277006005066,-83.790680972762
"362","Educational Institution","Detroit Academy of Arts and Science","The DETROIT ACADEMY OF ARTS AND SCIENCES (DAAS) is a kindergarten through eighth grade educational community located in the heart of downtown Detroit. DAAS was founded in 1997 by Rev. Jim Holley, Ph.D, who held a desire and vision to create an innovative educational center that met the needs of the children of Detroit and its surrounding communities. Currently, DAAS is operating under the authorization of Oakland University.","MI","2985 East Jefferson Avenue",NA,"Detroit",48207,"Lead","Community Priorities",NA,"0011R00002FJiaP","0011R00002FJiaPQAT","Arts","Middle Childhood",NA,NA,NA,NA,NA,NA,NA,"2985 East Jefferson Avenue, NA, Detroit, MI, 48207",42.340523061501,-83.01845866396
"363","Educational Institution","Melvindale High School","Public high school in Melvindale, MI","MI","18656 Prospect St",NA,"Melvindale",48122,"Lead","Community Priorities",NA,"0011R00002ICLTn","0011R00002ICLTnQAP","Adolescence",NA,NA,NA,NA,NA,NA,NA,NA,"18656 Prospect St, NA, Melvindale, MI, 48122",42.278110530357,-83.185858681419
"364","Educational Institution","WAVE","The Washtenaw Alliance for Virtual Education (WAVE) is a free, public high school program for students in Washtenaw County school districts. The program offers a flexible, student-centered, project-based approach to learning for students who need an alternative to the traditional high school model. Support is provided through an advisory teacher and online content support teachers. Staff work together to design and administer an academic program that meets the state standards and prepares each student for further education and career skills. WAVE is available as part of local Washtenaw public school districts' participation in the Washtenaw Educational Options Consortium. WAVE is one of the anchor programs designed for students seeking a non-traditional high school education experience, through their home school district.","MI","301 West Michigan Avenue","Suite 201","Ypsilanti",48197,"Active","Community Priorities",NA,"0011R00002KURd2","0011R00002KURd2QAH","Adolescence","Education/Schooling",NA,NA,NA,NA,NA,NA,NA,"301 West Michigan Avenue, Suite 201, Ypsilanti, MI, 48197",42.240680638813,-83.616462360889
"365","Educational Institution","Davis Aerospace Technical High School at Golightly","A high school located on Dickerson Avenue in Detroit, MI .","MI","900 Dickerson Avenue",NA,"Detroit",NA,"Lead","Community Priorities",NA,"0011R000025PyMX","0011R000025PyMXQA0","Adolescence",NA,NA,NA,NA,NA,NA,NA,NA,"900 Dickerson Avenue, NA, Detroit, MI, NA",42.369791829199,-82.951283158246
"366","Educational Institution","YCS: Erickson Elementary","Public Elementary school in Ypsilanti","MI","1885 Packard Road",NA,"Ypsilanti",48197,"Active","Community Priorities",NA,"0013600001sgAT0","0013600001sgAT0AAM","Middle Childhood",NA,NA,NA,NA,NA,NA,NA,NA,"1885 Packard Road, NA, Ypsilanti, MI, 48197",42.244362138326,-83.643292749134
"367","Educational Institution","AAPS: Angell Elementary","Ann Arbor Public Elementary School K-5","MI","1608 South University Avenue",NA,"Ann Arbor",48103,"Active","Community Priorities",NA,"0013600001lSfuf","0013600001lSfufAAC","Middle Childhood",NA,NA,NA,NA,NA,NA,NA,NA,"1608 South University Avenue, NA, Ann Arbor, MI, 48103",42.274489422457,-83.727716367565
"368","Educational Institution","AAPS: Dicken Elementary","Ann Arbor Public Elementary School K-5","MI","2135 Runnymede Blvd",NA,"Ann Arbor",48103,"Active","Community Priorities",NA,"0013600001lSfzL","0013600001lSfzLAAS","Middle Childhood",NA,NA,NA,NA,NA,NA,NA,NA,"2135 Runnymede Blvd, NA, Ann Arbor, MI, 48103",42.262900016393,-83.776440035448
"369","Educational Institution","AAPS: Carpenter Elementary","Elementary School","MI","4250 Central Blvd",NA,"Ann Arbor",48108,"Active","Community Priorities",NA,"0011R00002CVkqB","0011R00002CVkqBQAT","Middle Childhood","Education/Schooling",NA,NA,NA,NA,NA,NA,NA,"4250 Central Blvd, NA, Ann Arbor, MI, 48108",42.248800733243,-83.675875888986
"370","Educational Institution","My Brothers Keeper Washtenaw County","Washtenaw County My Brother’s Keeper (WMBK) is a county-wide transformation and collective empowerment collaborative. As President Barack Obama launched the My Brother’s Keeper Challenge in February 2014, WMBK took on the MBK Challenge and became a local affiliate in 2015. WMBK represents one of over 200 communities nationally, and a dozen within Michigan, to have accepted the MBK Community Challenge. MBK communities at large seek to establish cradle to career pathways of success for young men of color in cities, counties, and tribal communities nationwide. WMBK uses tools such as cross-sector partnerships, holding space for intergenerational connection, community-based planning and advocacy to transform the lives of boys and men of color in the county.","MI","1819 South Wagner Road",NA,"Ann Arbor",48106,"Active","Community Priorities",NA,"0011R00002ukqlT","0011R00002ukqlTQAQ","Adolescence","Early Childhood","Mentoring","Community Building","Middle Childhood","Racial Justice","Social Justice & Equity","Arts",NA,"1819 South Wagner Road, NA, Ann Arbor, MI, 48106",42.260362269478,-83.796939488406
"371","Educational Institution","AAPS: Burns Park Elementary",NA,"MI","1414 Wells St.",NA,"Ann Arbor",48104,"Active","Community Priorities",NA,"001UI00000B4Fzq","001UI00000B4FzqYAF","Middle Childhood","Early Childhood","Education/Schooling",NA,NA,NA,NA,NA,NA,"1414 Wells St., NA, Ann Arbor, MI, 48104",42.265667092179,-83.730336801955
"372","Educational Institution","AAPS: Abbott Elementary","Elementary School","Michigan","2670 Sequoia Pwky",NA,"Ann Arbor",48103,"Active","Community Priorities",NA,"0011R00002CUxTW","0011R00002CUxTWQA1","Early Childhood","Education/Schooling",NA,NA,NA,NA,NA,NA,NA,"2670 Sequoia Pwky, NA, Ann Arbor, Michigan, 48103",42.293775050106,-83.785661721502
